date,product_id,impressions,clicks,inquiries,orders
2026-03-30,P0361,568,4,0,0
2026-03-31,P0361,384,3,0,0
2026-04-01,P0361,542,4,0,0
2026-04-02,P0361,549,7,0,0
2026-04-03,P0361,574,5,0,0
2026-04-04,P0361,528,4,0,0
2026-04-05,P0361,509,5,0,0
2026-04-06,P0361,577,6,0,0
2026-04-07,P0361,502,4,0,0
2026-04-08,P0361,534,4,0,0
2026-04-09,P0361,604,7,0,0
2026-04-10,P0361,553,6,0,0
2026-04-11,P0361,599,6,0,0
2026-04-12,P0361,425,4,0,0
2026-04-13,P0361,521,7,0,0
2026-04-14,P0361,406,4,0,0
2026-04-15,P0361,602,7,0,0
2026-04-16,P0361,614,6,0,0
2026-04-17,P0361,468,5,0,0
2026-04-18,P0361,509,5,0,0
2026-04-19,P0361,581,5,0,0
2026-04-20,P0361,446,5,0,0
2026-04-21,P0361,583,6,0,0
2026-04-22,P0361,509,5,0,0
2026-04-23,P0361,436,3,0,0
2026-04-24,P0361,513,6,0,0
2026-04-25,P0361,467,4,0,0
2026-04-26,P0361,612,4,0,0
2026-04-27,P0361,495,3,0,0
2026-04-28,P0361,562,0,0,0
2026-03-30,P0073,257,3,0,0
2026-03-31,P0073,342,4,0,0
2026-04-01,P0073,274,2,0,0
2026-04-02,P0073,332,3,0,0
2026-04-03,P0073,318,4,0,0
2026-04-04,P0073,322,3,0,0
2026-04-05,P0073,266,2,0,0
2026-04-06,P0073,352,4,0,0
2026-04-07,P0073,227,2,0,0
2026-04-08,P0073,309,4,0,0
2026-04-09,P0073,259,2,0,0
2026-04-10,P0073,342,3,0,0
2026-04-11,P0073,296,3,0,0
2026-04-12,P0073,283,2,0,0
2026-04-13,P0073,376,4,0,0
2026-04-14,P0073,363,4,0,0
2026-04-15,P0073,323,5,0,0
2026-04-16,P0073,241,3,0,0
2026-04-17,P0073,286,4,0,0
2026-04-18,P0073,333,3,0,0
2026-04-19,P0073,319,5,0,0
2026-04-20,P0073,210,2,0,0
2026-04-21,P0073,263,3,0,0
2026-04-22,P0073,305,3,0,0
2026-04-23,P0073,328,5,0,0
2026-04-24,P0073,293,3,0,0
2026-04-25,P0073,308,3,0,0
2026-04-26,P0073,265,3,0,0
2026-04-27,P0073,318,4,0,0
2026-04-28,P0073,206,2,0,0
2026-03-30,P0374,189,2,0,0
2026-03-31,P0374,287,2,0,0
2026-04-01,P0374,312,3,0,0
2026-04-02,P0374,274,2,0,0
2026-04-03,P0374,232,2,0,0
2026-04-04,P0374,210,2,0,0
2026-04-05,P0374,233,3,0,0
2026-04-06,P0374,219,2,0,0
2026-04-07,P0374,214,3,0,0
2026-04-08,P0374,193,1,0,0
2026-04-09,P0374,233,1,0,0
2026-04-10,P0374,181,2,0,0
2026-04-11,P0374,208,2,0,0
2026-04-12,P0374,266,1,0,0
2026-04-13,P0374,227,2,0,0
2026-04-14,P0374,274,2,0,0
2026-04-15,P0374,215,2,0,0
2026-04-16,P0374,237,4,0,0
2026-04-17,P0374,275,3,0,0
2026-04-18,P0374,220,2,0,0
2026-04-19,P0374,243,2,0,0
2026-04-20,P0374,277,4,0,0
2026-04-21,P0374,179,2,0,0
2026-04-22,P0374,195,1,0,0
2026-04-23,P0374,196,2,0,0
2026-04-24,P0374,143,1,0,0
2026-04-25,P0374,270,2,0,0
2026-04-26,P0374,166,2,0,0
2026-04-27,P0374,199,2,0,0
2026-04-28,P0374,225,3,0,0
2026-03-30,P0155,48,0,0,0
2026-03-31,P0155,49,0,0,0
2026-04-01,P0155,51,0,0,0
2026-04-02,P0155,56,0,0,0
2026-04-03,P0155,48,0,0,0
2026-04-04,P0155,50,0,0,0
2026-04-05,P0155,37,0,0,0
2026-04-06,P0155,52,0,0,0
2026-04-07,P0155,46,0,0,0
2026-04-08,P0155,55,0,0,0
2026-04-09,P0155,48,0,0,0
2026-04-10,P0155,53,0,0,0
2026-04-11,P0155,35,0,0,0
2026-04-12,P0155,44,0,0,0
2026-04-13,P0155,58,0,0,0
2026-04-14,P0155,50,0,0,0
2026-04-15,P0155,43,0,0,0
2026-04-16,P0155,39,0,0,0
2026-04-17,P0155,49,0,0,0
2026-04-18,P0155,45,0,0,0
2026-04-19,P0155,48,0,0,0
2026-04-20,P0155,47,0,0,0
2026-04-21,P0155,58,0,0,0
2026-04-22,P0155,64,0,0,0
2026-04-23,P0155,58,0,0,0
2026-04-24,P0155,52,0,0,0
2026-04-25,P0155,41,0,0,0
2026-04-26,P0155,58,0,0,0
2026-04-27,P0155,47,0,0,0
2026-04-28,P0155,57,0,0,0
2026-03-30,P0104,973,59,17,1
2026-03-31,P0104,933,42,9,0
2026-04-01,P0104,821,44,16,0
2026-04-02,P0104,901,46,12,0
2026-04-03,P0104,683,30,4,0
2026-04-04,P0104,1134,63,14,0
2026-04-05,P0104,523,22,10,0
2026-04-06,P0104,862,44,7,0
2026-04-07,P0104,956,44,15,0
2026-04-08,P0104,1036,42,14,1
2026-04-09,P0104,804,31,11,0
2026-04-10,P0104,1140,49,19,1
2026-04-11,P0104,978,60,15,0
2026-04-12,P0104,878,45,7,0
2026-04-13,P0104,865,50,5,0
2026-04-14,P0104,703,27,8,0
2026-04-15,P0104,906,41,12,0
2026-04-16,P0104,1041,55,17,1
2026-04-17,P0104,983,65,18,0
2026-04-18,P0104,835,31,6,0
2026-04-19,P0104,932,47,13,0
2026-04-20,P0104,1069,58,16,0
2026-04-21,P0104,1019,50,9,0
2026-04-22,P0104,979,37,11,0
2026-04-23,P0104,1130,66,17,1
2026-04-24,P0104,601,21,5,0
2026-04-25,P0104,1042,68,13,0
2026-04-26,P0104,975,60,11,0
2026-04-27,P0104,1199,37,7,0
2026-04-28,P0104,868,47,14,0
2026-03-30,P0394,1245,29,4,0
2026-03-31,P0394,1045,31,4,0
2026-04-01,P0394,863,25,2,0
2026-04-02,P0394,909,26,2,0
2026-04-03,P0394,1279,36,3,0
2026-04-04,P0394,1079,29,3,0
2026-04-05,P0394,1237,29,2,0
2026-04-06,P0394,975,13,2,0
2026-04-07,P0394,1085,17,1,0
2026-04-08,P0394,1123,23,3,0
2026-04-09,P0394,896,27,4,0
2026-04-10,P0394,1097,28,3,0
2026-04-11,P0394,1184,29,4,0
2026-04-12,P0394,1445,30,3,0
2026-04-13,P0394,1005,28,4,0
2026-04-14,P0394,862,23,2,0
2026-04-15,P0394,1141,20,1,0
2026-04-16,P0394,1065,13,1,0
2026-04-17,P0394,1032,20,2,0
2026-04-18,P0394,1569,45,5,0
2026-04-19,P0394,1297,39,5,0
2026-04-20,P0394,1080,26,3,0
2026-04-21,P0394,1076,26,3,0
2026-04-22,P0394,1321,19,1,0
2026-04-23,P0394,753,16,1,0
2026-04-24,P0394,1348,34,2,0
2026-04-25,P0394,1337,29,2,0
2026-04-26,P0394,1117,34,3,0
2026-04-27,P0394,976,26,2,0
2026-04-28,P0394,884,27,2,0
2026-03-30,P0377,9026,139,5,0
2026-03-31,P0377,7891,128,12,1
2026-04-01,P0377,7592,74,7,0
2026-04-02,P0377,9912,120,11,0
2026-04-03,P0377,10227,149,7,0
2026-04-04,P0377,10535,164,10,0
2026-04-05,P0377,9295,138,17,1
2026-04-06,P0377,8648,89,8,0
2026-04-07,P0377,7764,137,17,1
2026-04-08,P0377,7893,116,12,1
2026-04-09,P0377,10875,154,16,1
2026-04-10,P0377,9627,77,7,0
2026-04-11,P0377,7400,124,15,1
2026-04-12,P0377,9509,151,13,1
2026-04-13,P0377,7656,103,9,0
2026-04-14,P0377,9088,112,14,1
2026-04-15,P0377,9174,121,11,0
2026-04-16,P0377,7671,93,6,0
2026-04-17,P0377,9861,133,6,0
2026-04-18,P0377,10526,160,18,1
2026-04-19,P0377,7998,78,7,0
2026-04-20,P0377,10927,167,14,0
2026-04-21,P0377,8720,114,9,0
2026-04-22,P0377,9506,107,8,0
2026-04-23,P0377,8606,113,10,0
2026-04-24,P0377,8497,137,8,0
2026-04-25,P0377,6601,83,7,0
2026-04-26,P0377,10827,63,6,0
2026-04-27,P0377,7609,88,6,0
2026-04-28,P0377,8710,140,18,1
2026-03-30,P0124,228,6,1,0
2026-03-31,P0124,181,5,1,0
2026-04-01,P0124,159,5,0,0
2026-04-02,P0124,202,5,0,0
2026-04-03,P0124,186,5,0,0
2026-04-04,P0124,151,2,0,0
2026-04-05,P0124,159,5,0,0
2026-04-06,P0124,162,4,0,0
2026-04-07,P0124,197,5,0,0
2026-04-08,P0124,177,4,0,0
2026-04-09,P0124,184,5,0,0
2026-04-10,P0124,148,4,0,0
2026-04-11,P0124,111,1,0,0
2026-04-12,P0124,167,4,0,0
2026-04-13,P0124,159,3,0,0
2026-04-14,P0124,188,5,0,0
2026-04-15,P0124,161,6,0,0
2026-04-16,P0124,179,3,0,0
2026-04-17,P0124,192,4,0,0
2026-04-18,P0124,216,6,0,0
2026-04-19,P0124,169,3,0,0
2026-04-20,P0124,173,6,0,0
2026-04-21,P0124,171,4,0,0
2026-04-22,P0124,209,7,0,0
2026-04-23,P0124,147,3,0,0
2026-04-24,P0124,183,5,0,0
2026-04-25,P0124,185,4,0,0
2026-04-26,P0124,188,1,0,0
2026-04-27,P0124,190,3,0,0
2026-04-28,P0124,165,6,0,0
2026-03-30,P0068,185,4,0,0
2026-03-31,P0068,148,2,0,0
2026-04-01,P0068,169,3,0,0
2026-04-02,P0068,153,3,0,0
2026-04-03,P0068,173,3,0,0
2026-04-04,P0068,159,2,0,0
2026-04-05,P0068,157,3,0,0
2026-04-06,P0068,142,2,0,0
2026-04-07,P0068,189,5,0,0
2026-04-08,P0068,166,3,0,0
2026-04-09,P0068,147,2,0,0
2026-04-10,P0068,149,3,0,0
2026-04-11,P0068,165,3,0,0
2026-04-12,P0068,137,2,0,0
2026-04-13,P0068,150,3,0,0
2026-04-14,P0068,156,3,0,0
2026-04-15,P0068,101,2,0,0
2026-04-16,P0068,148,3,0,0
2026-04-17,P0068,137,3,0,0
2026-04-18,P0068,171,3,0,0
2026-04-19,P0068,127,3,0,0
2026-04-20,P0068,131,2,0,0
2026-04-21,P0068,127,3,0,0
2026-04-22,P0068,151,4,0,0
2026-04-23,P0068,152,3,0,0
2026-04-24,P0068,145,4,0,0
2026-04-25,P0068,134,2,0,0
2026-04-26,P0068,181,3,0,0
2026-04-27,P0068,143,2,0,0
2026-04-28,P0068,178,6,0,0
2026-03-30,P0450,423,7,1,0
2026-03-31,P0450,415,7,1,0
2026-04-01,P0450,449,7,1,0
2026-04-02,P0450,457,8,1,0
2026-04-03,P0450,505,10,2,0
2026-04-04,P0450,478,9,2,0
2026-04-05,P0450,341,7,1,0
2026-04-06,P0450,488,10,3,0
2026-04-07,P0450,338,5,1,0
2026-04-08,P0450,478,8,1,0
2026-04-09,P0450,436,8,1,0
2026-04-10,P0450,397,6,1,0
2026-04-11,P0450,394,4,0,0
2026-04-12,P0450,366,8,1,0
2026-04-13,P0450,412,7,1,0
2026-04-14,P0450,514,5,0,0
2026-04-15,P0450,409,8,1,0
2026-04-16,P0450,471,10,2,0
2026-04-17,P0450,425,6,1,0
2026-04-18,P0450,409,9,0,0
2026-04-19,P0450,336,5,1,0
2026-04-20,P0450,348,5,1,0
2026-04-21,P0450,383,6,0,0
2026-04-22,P0450,401,5,1,0
2026-04-23,P0450,362,6,1,0
2026-04-24,P0450,327,7,1,0
2026-04-25,P0450,408,5,1,0
2026-04-26,P0450,446,7,2,0
2026-04-27,P0450,393,8,2,0
2026-04-28,P0450,333,4,1,0
2026-03-30,P0009,290,2,0,0
2026-03-31,P0009,326,3,0,0
2026-04-01,P0009,485,5,0,0
2026-04-02,P0009,351,3,0,0
2026-04-03,P0009,263,1,0,0
2026-04-04,P0009,359,5,0,0
2026-04-05,P0009,313,3,0,0
2026-04-06,P0009,392,4,0,0
2026-04-07,P0009,297,3,0,0
2026-04-08,P0009,363,4,0,0
2026-04-09,P0009,431,3,0,0
2026-04-10,P0009,418,4,0,0
2026-04-11,P0009,352,2,0,0
2026-04-12,P0009,318,3,0,0
2026-04-13,P0009,404,4,0,0
2026-04-14,P0009,416,4,0,0
2026-04-15,P0009,359,3,0,0
2026-04-16,P0009,397,4,0,0
2026-04-17,P0009,341,4,0,0
2026-04-18,P0009,329,4,0,0
2026-04-19,P0009,426,2,0,0
2026-04-20,P0009,365,4,0,0
2026-04-21,P0009,470,6,0,0
2026-04-22,P0009,340,2,0,0
2026-04-23,P0009,276,2,0,0
2026-04-24,P0009,364,2,0,0
2026-04-25,P0009,348,1,0,0
2026-04-26,P0009,211,2,0,0
2026-04-27,P0009,325,3,0,0
2026-04-28,P0009,350,4,0,0
2026-03-30,P0194,133,1,0,0
2026-03-31,P0194,156,1,0,0
2026-04-01,P0194,148,1,0,0
2026-04-02,P0194,170,1,0,0
2026-04-03,P0194,161,1,0,0
2026-04-04,P0194,132,1,0,0
2026-04-05,P0194,127,1,0,0
2026-04-06,P0194,171,1,0,0
2026-04-07,P0194,121,1,0,0
2026-04-08,P0194,142,1,0,0
2026-04-09,P0194,142,1,0,0
2026-04-10,P0194,142,1,0,0
2026-04-11,P0194,179,2,0,0
2026-04-12,P0194,160,1,0,0
2026-04-13,P0194,163,1,0,0
2026-04-14,P0194,178,0,0,0
2026-04-15,P0194,111,1,0,0
2026-04-16,P0194,158,1,0,0
2026-04-17,P0194,138,1,0,0
2026-04-18,P0194,164,1,0,0
2026-04-19,P0194,177,1,0,0
2026-04-20,P0194,137,1,0,0
2026-04-21,P0194,150,1,0,0
2026-04-22,P0194,115,1,0,0
2026-04-23,P0194,201,2,0,0
2026-04-24,P0194,146,1,0,0
2026-04-25,P0194,155,1,0,0
2026-04-26,P0194,165,1,0,0
2026-04-27,P0194,131,0,0,0
2026-04-28,P0194,141,0,0,0
2026-03-30,P0406,155,4,0,0
2026-03-31,P0406,169,5,0,0
2026-04-01,P0406,165,4,0,0
2026-04-02,P0406,170,4,0,0
2026-04-03,P0406,232,6,0,0
2026-04-04,P0406,197,4,0,0
2026-04-05,P0406,198,5,0,0
2026-04-06,P0406,135,2,0,0
2026-04-07,P0406,172,2,0,0
2026-04-08,P0406,227,4,0,0
2026-04-09,P0406,184,6,0,0
2026-04-10,P0406,193,4,0,0
2026-04-11,P0406,181,5,0,0
2026-04-12,P0406,156,3,0,0
2026-04-13,P0406,181,4,0,0
2026-04-14,P0406,158,4,0,0
2026-04-15,P0406,167,5,0,0
2026-04-16,P0406,224,6,0,0
2026-04-17,P0406,196,3,0,0
2026-04-18,P0406,154,5,0,0
2026-04-19,P0406,140,1,0,0
2026-04-20,P0406,161,5,0,0
2026-04-21,P0406,117,3,0,0
2026-04-22,P0406,198,4,0,0
2026-04-23,P0406,192,3,0,0
2026-04-24,P0406,166,5,0,0
2026-04-25,P0406,208,5,0,0
2026-04-26,P0406,187,5,0,0
2026-04-27,P0406,157,4,0,0
2026-04-28,P0406,154,5,0,0
2026-03-30,P0084,153,2,0,0
2026-03-31,P0084,140,2,0,0
2026-04-01,P0084,180,2,0,0
2026-04-02,P0084,171,2,0,0
2026-04-03,P0084,163,3,0,0
2026-04-04,P0084,192,3,0,0
2026-04-05,P0084,160,1,0,0
2026-04-06,P0084,138,2,0,0
2026-04-07,P0084,158,2,0,0
2026-04-08,P0084,170,3,0,0
2026-04-09,P0084,161,3,0,0
2026-04-10,P0084,155,3,0,0
2026-04-11,P0084,157,2,0,0
2026-04-12,P0084,161,2,0,0
2026-04-13,P0084,234,2,0,0
2026-04-14,P0084,177,3,0,0
2026-04-15,P0084,167,3,0,0
2026-04-16,P0084,172,3,0,0
2026-04-17,P0084,166,2,0,0
2026-04-18,P0084,119,2,0,0
2026-04-19,P0084,127,2,0,0
2026-04-20,P0084,126,2,0,0
2026-04-21,P0084,158,2,0,0
2026-04-22,P0084,176,2,0,0
2026-04-23,P0084,172,1,0,0
2026-04-24,P0084,221,2,0,0
2026-04-25,P0084,192,2,0,0
2026-04-26,P0084,169,2,0,0
2026-04-27,P0084,166,3,0,0
2026-04-28,P0084,187,3,0,0
2026-03-30,P0371,558,3,0,0
2026-03-31,P0371,651,5,0,0
2026-04-01,P0371,705,5,0,0
2026-04-02,P0371,571,3,0,0
2026-04-03,P0371,670,7,0,0
2026-04-04,P0371,599,3,0,0
2026-04-05,P0371,746,7,0,0
2026-04-06,P0371,831,5,0,0
2026-04-07,P0371,790,5,0,0
2026-04-08,P0371,657,4,0,0
2026-04-09,P0371,834,4,0,0
2026-04-10,P0371,842,6,0,0
2026-04-11,P0371,728,5,0,0
2026-04-12,P0371,697,3,0,0
2026-04-13,P0371,573,3,0,0
2026-04-14,P0371,678,6,0,0
2026-04-15,P0371,793,4,0,0
2026-04-16,P0371,667,5,0,0
2026-04-17,P0371,650,4,0,0
2026-04-18,P0371,905,9,0,0
2026-04-19,P0371,593,3,0,0
2026-04-20,P0371,607,4,0,0
2026-04-21,P0371,621,6,0,0
2026-04-22,P0371,580,5,0,0
2026-04-23,P0371,575,4,0,0
2026-04-24,P0371,808,5,0,0
2026-04-25,P0371,795,7,0,0
2026-04-26,P0371,753,6,0,0
2026-04-27,P0371,750,5,0,0
2026-04-28,P0371,685,4,0,0
2026-03-30,P0388,675,13,2,0
2026-03-31,P0388,689,7,1,0
2026-04-01,P0388,684,14,1,0
2026-04-02,P0388,707,12,2,0
2026-04-03,P0388,747,16,3,0
2026-04-04,P0388,465,9,2,0
2026-04-05,P0388,590,12,3,0
2026-04-06,P0388,590,10,2,0
2026-04-07,P0388,566,11,2,0
2026-04-08,P0388,702,12,3,0
2026-04-09,P0388,620,11,2,0
2026-04-10,P0388,546,5,1,0
2026-04-11,P0388,640,13,2,0
2026-04-12,P0388,649,13,3,0
2026-04-13,P0388,662,14,3,0
2026-04-14,P0388,746,10,2,0
2026-04-15,P0388,709,13,2,0
2026-04-16,P0388,642,12,3,0
2026-04-17,P0388,617,8,1,0
2026-04-18,P0388,754,18,5,0
2026-04-19,P0388,753,17,3,0
2026-04-20,P0388,475,9,1,0
2026-04-21,P0388,520,10,2,0
2026-04-22,P0388,564,5,1,0
2026-04-23,P0388,521,10,1,0
2026-04-24,P0388,623,13,3,0
2026-04-25,P0388,743,10,2,0
2026-04-26,P0388,632,12,2,0
2026-04-27,P0388,736,5,1,0
2026-04-28,P0388,617,13,2,0
2026-03-30,P0495,1013,20,1,0
2026-03-31,P0495,1201,15,1,0
2026-04-01,P0495,1369,26,1,0
2026-04-02,P0495,1055,22,1,0
2026-04-03,P0495,1205,15,1,0
2026-04-04,P0495,980,17,1,0
2026-04-05,P0495,1142,12,1,0
2026-04-06,P0495,1053,25,3,0
2026-04-07,P0495,889,13,1,0
2026-04-08,P0495,1377,17,1,0
2026-04-09,P0495,1241,18,2,0
2026-04-10,P0495,1078,20,2,0
2026-04-11,P0495,1133,22,2,0
2026-04-12,P0495,1231,28,2,0
2026-04-13,P0495,867,15,2,0
2026-04-14,P0495,1243,18,2,0
2026-04-15,P0495,1069,17,2,0
2026-04-16,P0495,1065,13,1,0
2026-04-17,P0495,1254,25,3,0
2026-04-18,P0495,1267,21,2,0
2026-04-19,P0495,1129,16,2,0
2026-04-20,P0495,956,20,2,0
2026-04-21,P0495,1428,27,2,0
2026-04-22,P0495,1331,22,3,0
2026-04-23,P0495,1206,17,2,0
2026-04-24,P0495,1214,17,2,0
2026-04-25,P0495,969,11,1,0
2026-04-26,P0495,1249,19,3,0
2026-04-27,P0495,1331,21,2,0
2026-04-28,P0495,1127,23,2,0
2026-03-30,P0030,686,14,3,0
2026-03-31,P0030,478,7,1,0
2026-04-01,P0030,612,8,1,0
2026-04-02,P0030,707,20,3,0
2026-04-03,P0030,558,6,0,0
2026-04-04,P0030,472,11,2,0
2026-04-05,P0030,575,10,2,0
2026-04-06,P0030,651,11,1,0
2026-04-07,P0030,424,7,1,0
2026-04-08,P0030,599,11,0,0
2026-04-09,P0030,639,12,1,0
2026-04-10,P0030,695,14,2,0
2026-04-11,P0030,546,11,2,0
2026-04-12,P0030,614,13,2,0
2026-04-13,P0030,681,10,0,0
2026-04-14,P0030,626,7,1,0
2026-04-15,P0030,577,9,2,0
2026-04-16,P0030,530,10,1,0
2026-04-17,P0030,685,13,2,0
2026-04-18,P0030,608,11,2,0
2026-04-19,P0030,653,12,1,0
2026-04-20,P0030,600,11,3,0
2026-04-21,P0030,641,14,2,0
2026-04-22,P0030,568,11,1,0
2026-04-23,P0030,625,13,2,0
2026-04-24,P0030,594,10,2,0
2026-04-25,P0030,537,8,1,0
2026-04-26,P0030,570,10,1,0
2026-04-27,P0030,526,7,1,0
2026-04-28,P0030,633,9,1,0
2026-03-30,P0316,218,2,0,0
2026-03-31,P0316,258,3,0,0
2026-04-01,P0316,210,2,0,0
2026-04-02,P0316,226,1,0,0
2026-04-03,P0316,254,3,0,0
2026-04-04,P0316,312,3,0,0
2026-04-05,P0316,175,2,0,0
2026-04-06,P0316,308,3,0,0
2026-04-07,P0316,201,2,0,0
2026-04-08,P0316,230,2,0,0
2026-04-09,P0316,217,2,0,0
2026-04-10,P0316,275,2,0,0
2026-04-11,P0316,258,2,0,0
2026-04-12,P0316,282,4,0,0
2026-04-13,P0316,237,2,0,0
2026-04-14,P0316,240,2,0,0
2026-04-15,P0316,197,2,0,0
2026-04-16,P0316,314,3,0,0
2026-04-17,P0316,191,2,0,0
2026-04-18,P0316,235,2,0,0
2026-04-19,P0316,280,2,0,0
2026-04-20,P0316,254,2,0,0
2026-04-21,P0316,235,3,0,0
2026-04-22,P0316,261,1,0,0
2026-04-23,P0316,248,2,0,0
2026-04-24,P0316,152,1,0,0
2026-04-25,P0316,253,3,0,0
2026-04-26,P0316,171,1,0,0
2026-04-27,P0316,259,3,0,0
2026-04-28,P0316,191,3,0,0
2026-03-30,P0408,922,17,2,0
2026-03-31,P0408,831,17,1,0
2026-04-01,P0408,891,11,1,0
2026-04-02,P0408,918,16,1,0
2026-04-03,P0408,1078,17,1,0
2026-04-04,P0408,720,11,0,0
2026-04-05,P0408,821,14,1,0
2026-04-06,P0408,928,18,2,0
2026-04-07,P0408,937,18,1,0
2026-04-08,P0408,744,15,2,0
2026-04-09,P0408,826,20,2,0
2026-04-10,P0408,499,10,0,0
2026-04-11,P0408,797,18,1,0
2026-04-12,P0408,808,15,1,0
2026-04-13,P0408,1100,24,2,0
2026-04-14,P0408,950,17,0,0
2026-04-15,P0408,872,13,1,0
2026-04-16,P0408,953,21,2,0
2026-04-17,P0408,773,15,1,0
2026-04-18,P0408,795,16,1,0
2026-04-19,P0408,961,14,1,0
2026-04-20,P0408,1073,26,3,0
2026-04-21,P0408,674,15,1,0
2026-04-22,P0408,764,19,1,0
2026-04-23,P0408,836,13,1,0
2026-04-24,P0408,746,16,0,0
2026-04-25,P0408,857,14,0,0
2026-04-26,P0408,909,17,0,0
2026-04-27,P0408,584,12,0,0
2026-04-28,P0408,726,13,1,0
2026-03-30,P0490,459,11,1,0
2026-03-31,P0490,428,5,0,0
2026-04-01,P0490,316,5,0,0
2026-04-02,P0490,366,5,0,0
2026-04-03,P0490,437,7,1,0
2026-04-04,P0490,354,6,1,0
2026-04-05,P0490,499,12,2,0
2026-04-06,P0490,490,13,1,0
2026-04-07,P0490,416,8,1,0
2026-04-08,P0490,419,8,1,0
2026-04-09,P0490,497,11,1,0
2026-04-10,P0490,552,16,1,0
2026-04-11,P0490,548,12,1,0
2026-04-12,P0490,531,8,0,0
2026-04-13,P0490,565,10,0,0
2026-04-14,P0490,399,5,0,0
2026-04-15,P0490,440,7,0,0
2026-04-16,P0490,540,10,1,0
2026-04-17,P0490,516,11,1,0
2026-04-18,P0490,342,7,1,0
2026-04-19,P0490,626,10,1,0
2026-04-20,P0490,484,9,1,0
2026-04-21,P0490,593,11,1,0
2026-04-22,P0490,548,9,1,0
2026-04-23,P0490,482,5,0,0
2026-04-24,P0490,532,11,1,0
2026-04-25,P0490,581,13,2,0
2026-04-26,P0490,558,10,1,0
2026-04-27,P0490,507,11,1,0
2026-04-28,P0490,492,12,1,0
2026-03-30,P0491,444,13,3,0
2026-03-31,P0491,589,15,3,0
2026-04-01,P0491,533,10,3,0
2026-04-02,P0491,475,11,2,0
2026-04-03,P0491,399,6,1,0
2026-04-04,P0491,492,12,2,0
2026-04-05,P0491,455,9,2,0
2026-04-06,P0491,339,8,1,0
2026-04-07,P0491,429,5,1,0
2026-04-08,P0491,314,8,2,0
2026-04-09,P0491,483,11,3,0
2026-04-10,P0491,537,9,2,0
2026-04-11,P0491,334,8,3,0
2026-04-12,P0491,560,13,3,0
2026-04-13,P0491,402,7,2,0
2026-04-14,P0491,390,10,2,0
2026-04-15,P0491,490,13,3,0
2026-04-16,P0491,480,12,2,0
2026-04-17,P0491,491,12,1,0
2026-04-18,P0491,544,13,1,0
2026-04-19,P0491,421,12,3,0
2026-04-20,P0491,540,10,2,0
2026-04-21,P0491,515,8,1,0
2026-04-22,P0491,417,8,1,0
2026-04-23,P0491,458,12,2,0
2026-04-24,P0491,411,8,2,0
2026-04-25,P0491,420,9,3,0
2026-04-26,P0491,402,9,2,0
2026-04-27,P0491,455,10,3,0
2026-04-28,P0491,436,9,2,0
2026-03-30,P0280,1339,29,0,0
2026-03-31,P0280,1498,32,0,0
2026-04-01,P0280,1284,43,0,0
2026-04-02,P0280,1468,27,0,0
2026-04-03,P0280,1280,23,0,0
2026-04-04,P0280,1044,20,0,0
2026-04-05,P0280,1152,26,0,0
2026-04-06,P0280,1227,24,0,0
2026-04-07,P0280,1145,28,0,0
2026-04-08,P0280,1520,38,0,0
2026-04-09,P0280,1458,31,0,0
2026-04-10,P0280,956,22,0,0
2026-04-11,P0280,1468,20,0,0
2026-04-12,P0280,1219,25,0,0
2026-04-13,P0280,1322,30,0,0
2026-04-14,P0280,1389,24,0,0
2026-04-15,P0280,1269,27,0,0
2026-04-16,P0280,1286,28,0,0
2026-04-17,P0280,1217,21,0,0
2026-04-18,P0280,1252,29,0,0
2026-04-19,P0280,1263,36,0,0
2026-04-20,P0280,1122,23,0,0
2026-04-21,P0280,1570,26,0,0
2026-04-22,P0280,1549,31,0,0
2026-04-23,P0280,1056,22,0,0
2026-04-24,P0280,1073,27,0,0
2026-04-25,P0280,1419,39,0,0
2026-04-26,P0280,1200,31,0,0
2026-04-27,P0280,932,21,0,0
2026-04-28,P0280,1348,32,0,0
2026-03-30,P0356,1207,22,1,0
2026-03-31,P0356,1238,29,1,0
2026-04-01,P0356,1514,48,4,0
2026-04-02,P0356,1298,34,2,0
2026-04-03,P0356,1460,36,2,0
2026-04-04,P0356,1652,39,3,0
2026-04-05,P0356,1425,40,2,0
2026-04-06,P0356,1231,30,3,0
2026-04-07,P0356,1189,29,2,0
2026-04-08,P0356,1461,38,3,0
2026-04-09,P0356,1295,42,3,0
2026-04-10,P0356,1175,33,3,0
2026-04-11,P0356,1404,28,1,0
2026-04-12,P0356,1262,31,2,0
2026-04-13,P0356,1052,33,2,0
2026-04-14,P0356,1036,30,2,0
2026-04-15,P0356,1349,36,3,0
2026-04-16,P0356,1011,41,2,0
2026-04-17,P0356,1544,34,2,0
2026-04-18,P0356,1460,42,3,0
2026-04-19,P0356,1314,44,3,0
2026-04-20,P0356,1213,26,1,0
2026-04-21,P0356,1506,49,3,0
2026-04-22,P0356,1624,47,2,0
2026-04-23,P0356,1335,37,2,0
2026-04-24,P0356,1051,32,1,0
2026-04-25,P0356,1128,23,1,0
2026-04-26,P0356,1361,41,1,0
2026-04-27,P0356,1130,19,1,0
2026-04-28,P0356,1080,26,1,0
2026-03-30,P0076,614,7,1,0
2026-03-31,P0076,587,6,1,0
2026-04-01,P0076,552,5,0,0
2026-04-02,P0076,579,5,0,0
2026-04-03,P0076,674,7,1,0
2026-04-04,P0076,538,4,1,0
2026-04-05,P0076,551,6,1,0
2026-04-06,P0076,482,5,0,0
2026-04-07,P0076,587,3,0,0
2026-04-08,P0076,726,10,1,0
2026-04-09,P0076,524,5,0,0
2026-04-10,P0076,528,6,1,0
2026-04-11,P0076,468,4,0,0
2026-04-12,P0076,691,9,1,0
2026-04-13,P0076,432,6,1,0
2026-04-14,P0076,732,9,1,0
2026-04-15,P0076,576,6,1,0
2026-04-16,P0076,652,8,1,0
2026-04-17,P0076,562,3,0,0
2026-04-18,P0076,634,7,1,0
2026-04-19,P0076,476,5,1,0
2026-04-20,P0076,590,4,1,0
2026-04-21,P0076,767,8,2,0
2026-04-22,P0076,585,5,1,0
2026-04-23,P0076,518,5,0,0
2026-04-24,P0076,580,8,1,0
2026-04-25,P0076,471,4,0,0
2026-04-26,P0076,607,8,1,0
2026-04-27,P0076,582,9,1,0
2026-04-28,P0076,481,7,1,0
2026-03-30,P0461,271,2,0,0
2026-03-31,P0461,219,1,0,0
2026-04-01,P0461,219,1,0,0
2026-04-02,P0461,214,1,0,0
2026-04-03,P0461,207,1,0,0
2026-04-04,P0461,186,1,0,0
2026-04-05,P0461,223,1,0,0
2026-04-06,P0461,200,1,0,0
2026-04-07,P0461,186,1,0,0
2026-04-08,P0461,233,1,0,0
2026-04-09,P0461,272,1,0,0
2026-04-10,P0461,235,1,0,0
2026-04-11,P0461,259,2,0,0
2026-04-12,P0461,197,1,0,0
2026-04-13,P0461,213,1,0,0
2026-04-14,P0461,269,1,0,0
2026-04-15,P0461,219,1,0,0
2026-04-16,P0461,300,1,0,0
2026-04-17,P0461,175,1,0,0
2026-04-18,P0461,228,1,0,0
2026-04-19,P0461,212,1,0,0
2026-04-20,P0461,212,1,0,0
2026-04-21,P0461,234,1,0,0
2026-04-22,P0461,261,1,0,0
2026-04-23,P0461,274,1,0,0
2026-04-24,P0461,194,1,0,0
2026-04-25,P0461,226,1,0,0
2026-04-26,P0461,184,1,0,0
2026-04-27,P0461,284,2,0,0
2026-04-28,P0461,206,1,0,0
2026-03-30,P0497,1841,46,2,0
2026-03-31,P0497,1817,49,2,0
2026-04-01,P0497,1562,40,2,0
2026-04-02,P0497,1767,37,1,0
2026-04-03,P0497,2087,61,3,0
2026-04-04,P0497,1704,66,2,0
2026-04-05,P0497,1649,43,2,0
2026-04-06,P0497,2221,56,2,0
2026-04-07,P0497,1864,44,1,0
2026-04-08,P0497,2456,56,1,0
2026-04-09,P0497,1740,46,2,0
2026-04-10,P0497,1584,41,1,0
2026-04-11,P0497,1512,28,1,0
2026-04-12,P0497,2010,49,2,0
2026-04-13,P0497,1981,49,2,0
2026-04-14,P0497,1494,25,0,0
2026-04-15,P0497,1935,34,1,0
2026-04-16,P0497,1659,29,0,0
2026-04-17,P0497,1776,32,1,0
2026-04-18,P0497,1411,32,1,0
2026-04-19,P0497,1603,48,1,0
2026-04-20,P0497,1866,42,2,0
2026-04-21,P0497,2022,43,1,0
2026-04-22,P0497,1939,37,2,0
2026-04-23,P0497,1407,42,2,0
2026-04-24,P0497,2129,52,1,0
2026-04-25,P0497,1821,39,1,0
2026-04-26,P0497,1915,33,1,0
2026-04-27,P0497,1471,41,1,0
2026-04-28,P0497,2042,56,3,0
2026-03-30,P0211,510,18,0,0
2026-03-31,P0211,468,22,0,0
2026-04-01,P0211,494,22,0,0
2026-04-02,P0211,344,18,0,0
2026-04-03,P0211,394,23,0,0
2026-04-04,P0211,444,15,0,0
2026-04-05,P0211,404,19,0,0
2026-04-06,P0211,416,15,0,0
2026-04-07,P0211,425,17,0,0
2026-04-08,P0211,499,12,0,0
2026-04-09,P0211,551,28,0,0
2026-04-10,P0211,388,20,0,0
2026-04-11,P0211,410,14,0,0
2026-04-12,P0211,404,20,0,0
2026-04-13,P0211,465,20,0,0
2026-04-14,P0211,473,29,0,0
2026-04-15,P0211,639,31,0,0
2026-04-16,P0211,370,15,0,0
2026-04-17,P0211,425,19,0,0
2026-04-18,P0211,426,16,0,0
2026-04-19,P0211,331,13,0,0
2026-04-20,P0211,496,23,0,0
2026-04-21,P0211,392,16,0,0
2026-04-22,P0211,313,12,0,0
2026-04-23,P0211,420,20,0,0
2026-04-24,P0211,414,21,0,0
2026-04-25,P0211,340,14,0,0
2026-04-26,P0211,472,17,0,0
2026-04-27,P0211,491,18,0,0
2026-04-28,P0211,396,15,0,0
2026-03-30,P0101,49,0,0,0
2026-03-31,P0101,53,0,0,0
2026-04-01,P0101,52,0,0,0
2026-04-02,P0101,38,0,0,0
2026-04-03,P0101,54,0,0,0
2026-04-04,P0101,51,0,0,0
2026-04-05,P0101,49,0,0,0
2026-04-06,P0101,38,0,0,0
2026-04-07,P0101,44,0,0,0
2026-04-08,P0101,43,0,0,0
2026-04-09,P0101,52,0,0,0
2026-04-10,P0101,38,0,0,0
2026-04-11,P0101,53,0,0,0
2026-04-12,P0101,50,0,0,0
2026-04-13,P0101,50,0,0,0
2026-04-14,P0101,50,0,0,0
2026-04-15,P0101,71,0,0,0
2026-04-16,P0101,64,0,0,0
2026-04-17,P0101,47,0,0,0
2026-04-18,P0101,45,0,0,0
2026-04-19,P0101,64,0,0,0
2026-04-20,P0101,58,0,0,0
2026-04-21,P0101,45,0,0,0
2026-04-22,P0101,64,0,0,0
2026-04-23,P0101,51,0,0,0
2026-04-24,P0101,50,0,0,0
2026-04-25,P0101,53,0,0,0
2026-04-26,P0101,60,0,0,0
2026-04-27,P0101,58,0,0,0
2026-04-28,P0101,33,0,0,0
2026-03-30,P0334,519,12,0,0
2026-03-31,P0334,634,15,0,0
2026-04-01,P0334,568,10,0,0
2026-04-02,P0334,537,11,0,0
2026-04-03,P0334,645,15,0,0
2026-04-04,P0334,540,13,0,0
2026-04-05,P0334,574,15,0,0
2026-04-06,P0334,606,9,0,0
2026-04-07,P0334,508,12,0,0
2026-04-08,P0334,598,11,0,0
2026-04-09,P0334,499,10,0,0
2026-04-10,P0334,483,12,0,0
2026-04-11,P0334,431,8,0,0
2026-04-12,P0334,670,14,0,0
2026-04-13,P0334,639,12,0,0
2026-04-14,P0334,575,12,0,0
2026-04-15,P0334,538,9,0,0
2026-04-16,P0334,496,11,0,0
2026-04-17,P0334,647,8,0,0
2026-04-18,P0334,543,11,0,0
2026-04-19,P0334,621,12,0,0
2026-04-20,P0334,677,18,0,0
2026-04-21,P0334,602,14,0,0
2026-04-22,P0334,591,11,0,0
2026-04-23,P0334,589,12,0,0
2026-04-24,P0334,615,17,0,0
2026-04-25,P0334,587,16,0,0
2026-04-26,P0334,493,8,0,0
2026-04-27,P0334,712,15,0,0
2026-04-28,P0334,525,9,0,0
2026-03-30,P0475,171,7,0,0
2026-03-31,P0475,151,5,0,0
2026-04-01,P0475,167,4,0,0
2026-04-02,P0475,136,3,0,0
2026-04-03,P0475,176,4,0,0
2026-04-04,P0475,157,4,0,0
2026-04-05,P0475,148,6,0,0
2026-04-06,P0475,177,5,0,0
2026-04-07,P0475,135,3,0,0
2026-04-08,P0475,144,5,0,0
2026-04-09,P0475,114,4,0,0
2026-04-10,P0475,143,3,0,0
2026-04-11,P0475,180,5,0,0
2026-04-12,P0475,169,5,0,0
2026-04-13,P0475,144,5,0,0
2026-04-14,P0475,150,4,0,0
2026-04-15,P0475,146,2,0,0
2026-04-16,P0475,110,3,0,0
2026-04-17,P0475,162,2,0,0
2026-04-18,P0475,126,4,0,0
2026-04-19,P0475,135,4,0,0
2026-04-20,P0475,126,3,0,0
2026-04-21,P0475,209,7,0,0
2026-04-22,P0475,106,2,0,0
2026-04-23,P0475,134,3,0,0
2026-04-24,P0475,148,3,0,0
2026-04-25,P0475,161,4,0,0
2026-04-26,P0475,146,4,0,0
2026-04-27,P0475,146,4,0,0
2026-04-28,P0475,167,5,0,0
2026-03-30,P0336,809,11,0,0
2026-03-31,P0336,791,12,0,0
2026-04-01,P0336,838,10,0,0
2026-04-02,P0336,1147,13,0,0
2026-04-03,P0336,745,12,0,0
2026-04-04,P0336,612,6,0,0
2026-04-05,P0336,1141,13,0,0
2026-04-06,P0336,716,11,0,0
2026-04-07,P0336,782,11,0,0
2026-04-08,P0336,780,7,0,0
2026-04-09,P0336,750,10,0,0
2026-04-10,P0336,796,12,0,0
2026-04-11,P0336,915,13,0,0
2026-04-12,P0336,854,11,0,0
2026-04-13,P0336,694,9,0,0
2026-04-14,P0336,849,6,0,0
2026-04-15,P0336,1024,9,0,0
2026-04-16,P0336,1018,11,0,0
2026-04-17,P0336,758,10,0,0
2026-04-18,P0336,603,5,0,0
2026-04-19,P0336,765,8,0,0
2026-04-20,P0336,922,5,0,0
2026-04-21,P0336,792,10,0,0
2026-04-22,P0336,740,8,0,0
2026-04-23,P0336,796,10,0,0
2026-04-24,P0336,919,14,0,0
2026-04-25,P0336,764,8,0,0
2026-04-26,P0336,832,7,0,0
2026-04-27,P0336,782,8,0,0
2026-04-28,P0336,873,10,0,0
2026-03-30,P0440,162,1,0,0
2026-03-31,P0440,207,0,0,0
2026-04-01,P0440,231,1,0,0
2026-04-02,P0440,163,1,0,0
2026-04-03,P0440,169,1,0,0
2026-04-04,P0440,167,1,0,0
2026-04-05,P0440,152,0,0,0
2026-04-06,P0440,214,1,0,0
2026-04-07,P0440,189,1,0,0
2026-04-08,P0440,170,1,0,0
2026-04-09,P0440,189,1,0,0
2026-04-10,P0440,181,1,0,0
2026-04-11,P0440,196,1,0,0
2026-04-12,P0440,133,0,0,0
2026-04-13,P0440,162,1,0,0
2026-04-14,P0440,224,1,0,0
2026-04-15,P0440,155,1,0,0
2026-04-16,P0440,173,0,0,0
2026-04-17,P0440,190,1,0,0
2026-04-18,P0440,195,1,0,0
2026-04-19,P0440,214,1,0,0
2026-04-20,P0440,205,1,0,0
2026-04-21,P0440,160,1,0,0
2026-04-22,P0440,215,2,0,0
2026-04-23,P0440,241,2,0,0
2026-04-24,P0440,208,1,0,0
2026-04-25,P0440,243,1,0,0
2026-04-26,P0440,203,1,0,0
2026-04-27,P0440,202,1,0,0
2026-04-28,P0440,181,1,0,0
2026-03-30,P0173,918,23,3,0
2026-03-31,P0173,740,12,1,0
2026-04-01,P0173,696,11,0,0
2026-04-02,P0173,795,21,2,0
2026-04-03,P0173,804,15,2,0
2026-04-04,P0173,805,15,1,0
2026-04-05,P0173,675,11,1,0
2026-04-06,P0173,905,14,2,0
2026-04-07,P0173,732,12,1,0
2026-04-08,P0173,884,16,1,0
2026-04-09,P0173,797,18,2,0
2026-04-10,P0173,932,17,2,0
2026-04-11,P0173,671,16,2,0
2026-04-12,P0173,847,22,3,0
2026-04-13,P0173,941,22,2,0
2026-04-14,P0173,790,17,1,0
2026-04-15,P0173,665,10,1,0
2026-04-16,P0173,748,15,1,0
2026-04-17,P0173,835,18,2,0
2026-04-18,P0173,1021,20,2,0
2026-04-19,P0173,778,15,2,0
2026-04-20,P0173,657,12,1,0
2026-04-21,P0173,747,15,2,0
2026-04-22,P0173,813,14,2,0
2026-04-23,P0173,867,19,3,0
2026-04-24,P0173,796,19,2,0
2026-04-25,P0173,788,17,1,0
2026-04-26,P0173,757,8,1,0
2026-04-27,P0173,749,19,1,0
2026-04-28,P0173,467,8,1,0
2026-03-30,P0002,747,19,2,0
2026-03-31,P0002,739,16,1,0
2026-04-01,P0002,598,15,2,0
2026-04-02,P0002,567,9,1,0
2026-04-03,P0002,693,17,2,0
2026-04-04,P0002,695,15,1,0
2026-04-05,P0002,607,15,0,0
2026-04-06,P0002,782,17,2,0
2026-04-07,P0002,579,14,1,0
2026-04-08,P0002,749,19,1,0
2026-04-09,P0002,578,14,1,0
2026-04-10,P0002,712,15,2,0
2026-04-11,P0002,620,11,1,0
2026-04-12,P0002,674,14,1,0
2026-04-13,P0002,773,17,1,0
2026-04-14,P0002,626,23,3,0
2026-04-15,P0002,777,10,1,0
2026-04-16,P0002,629,9,1,0
2026-04-17,P0002,677,12,1,0
2026-04-18,P0002,675,18,2,0
2026-04-19,P0002,512,8,1,0
2026-04-20,P0002,619,14,1,0
2026-04-21,P0002,631,15,2,0
2026-04-22,P0002,648,12,1,0
2026-04-23,P0002,680,16,0,0
2026-04-24,P0002,756,16,1,0
2026-04-25,P0002,638,15,2,0
2026-04-26,P0002,571,17,2,0
2026-04-27,P0002,696,12,1,0
2026-04-28,P0002,668,9,0,0
2026-03-30,P0333,188,1,0,0
2026-03-31,P0333,258,4,0,0
2026-04-01,P0333,250,4,0,0
2026-04-02,P0333,231,3,0,0
2026-04-03,P0333,252,4,0,0
2026-04-04,P0333,266,5,0,0
2026-04-05,P0333,191,3,0,0
2026-04-06,P0333,192,3,0,0
2026-04-07,P0333,183,4,0,0
2026-04-08,P0333,220,4,0,0
2026-04-09,P0333,214,3,0,0
2026-04-10,P0333,221,3,0,0
2026-04-11,P0333,193,4,0,0
2026-04-12,P0333,229,2,0,0
2026-04-13,P0333,158,3,0,0
2026-04-14,P0333,223,4,0,0
2026-04-15,P0333,192,3,0,0
2026-04-16,P0333,251,4,0,0
2026-04-17,P0333,226,5,0,0
2026-04-18,P0333,238,3,0,0
2026-04-19,P0333,259,2,0,0
2026-04-20,P0333,200,4,0,0
2026-04-21,P0333,209,3,0,0
2026-04-22,P0333,186,4,0,0
2026-04-23,P0333,205,3,0,0
2026-04-24,P0333,199,4,0,0
2026-04-25,P0333,214,3,0,0
2026-04-26,P0333,224,2,0,0
2026-04-27,P0333,215,3,0,0
2026-04-28,P0333,233,3,0,0
2026-03-30,P0409,213,2,0,0
2026-03-31,P0409,205,2,0,0
2026-04-01,P0409,259,2,0,0
2026-04-02,P0409,293,4,0,0
2026-04-03,P0409,244,2,0,0
2026-04-04,P0409,165,2,0,0
2026-04-05,P0409,218,3,0,0
2026-04-06,P0409,253,3,0,0
2026-04-07,P0409,242,2,0,0
2026-04-08,P0409,269,3,0,0
2026-04-09,P0409,251,3,0,0
2026-04-10,P0409,160,2,0,0
2026-04-11,P0409,234,3,0,0
2026-04-12,P0409,198,3,0,0
2026-04-13,P0409,184,2,0,0
2026-04-14,P0409,308,4,0,0
2026-04-15,P0409,264,3,0,0
2026-04-16,P0409,180,3,0,0
2026-04-17,P0409,200,2,0,0
2026-04-18,P0409,241,2,0,0
2026-04-19,P0409,237,2,0,0
2026-04-20,P0409,236,3,0,0
2026-04-21,P0409,237,2,0,0
2026-04-22,P0409,265,2,0,0
2026-04-23,P0409,283,3,0,0
2026-04-24,P0409,280,4,0,0
2026-04-25,P0409,203,3,0,0
2026-04-26,P0409,232,2,0,0
2026-04-27,P0409,257,3,0,0
2026-04-28,P0409,223,3,0,0
2026-03-30,P0070,485,3,0,0
2026-03-31,P0070,469,4,0,0
2026-04-01,P0070,559,6,0,0
2026-04-02,P0070,368,4,0,0
2026-04-03,P0070,418,4,0,0
2026-04-04,P0070,488,5,0,0
2026-04-05,P0070,530,6,0,0
2026-04-06,P0070,630,6,0,0
2026-04-07,P0070,585,8,0,0
2026-04-08,P0070,479,5,0,0
2026-04-09,P0070,476,5,0,0
2026-04-10,P0070,466,4,0,0
2026-04-11,P0070,491,5,0,0
2026-04-12,P0070,411,3,0,0
2026-04-13,P0070,428,2,0,0
2026-04-14,P0070,358,5,0,0
2026-04-15,P0070,413,6,0,0
2026-04-16,P0070,398,5,0,0
2026-04-17,P0070,550,5,0,0
2026-04-18,P0070,518,5,0,0
2026-04-19,P0070,388,4,0,0
2026-04-20,P0070,534,4,0,0
2026-04-21,P0070,413,6,0,0
2026-04-22,P0070,586,4,0,0
2026-04-23,P0070,398,4,0,0
2026-04-24,P0070,535,6,0,0
2026-04-25,P0070,501,5,0,0
2026-04-26,P0070,471,4,0,0
2026-04-27,P0070,414,5,0,0
2026-04-28,P0070,486,6,0,0
2026-03-30,P0209,93,1,0,0
2026-03-31,P0209,91,1,0,0
2026-04-01,P0209,93,2,0,0
2026-04-02,P0209,88,1,0,0
2026-04-03,P0209,73,0,0,0
2026-04-04,P0209,80,1,0,0
2026-04-05,P0209,81,1,0,0
2026-04-06,P0209,63,1,0,0
2026-04-07,P0209,88,1,0,0
2026-04-08,P0209,80,1,0,0
2026-04-09,P0209,94,1,0,0
2026-04-10,P0209,83,1,0,0
2026-04-11,P0209,70,1,0,0
2026-04-12,P0209,79,1,0,0
2026-04-13,P0209,49,0,0,0
2026-04-14,P0209,70,1,0,0
2026-04-15,P0209,108,2,0,0
2026-04-16,P0209,76,1,0,0
2026-04-17,P0209,73,1,0,0
2026-04-18,P0209,44,0,0,0
2026-04-19,P0209,104,1,0,0
2026-04-20,P0209,84,1,0,0
2026-04-21,P0209,87,1,0,0
2026-04-22,P0209,90,1,0,0
2026-04-23,P0209,73,1,0,0
2026-04-24,P0209,64,1,0,0
2026-04-25,P0209,117,2,0,0
2026-04-26,P0209,108,1,0,0
2026-04-27,P0209,92,1,0,0
2026-04-28,P0209,89,2,0,0
2026-03-30,P0063,388,4,0,0
2026-03-31,P0063,282,2,0,0
2026-04-01,P0063,303,2,0,0
2026-04-02,P0063,325,2,0,0
2026-04-03,P0063,346,3,0,0
2026-04-04,P0063,350,3,0,0
2026-04-05,P0063,347,4,0,0
2026-04-06,P0063,275,3,0,0
2026-04-07,P0063,365,3,0,0
2026-04-08,P0063,353,3,0,0
2026-04-09,P0063,184,1,0,0
2026-04-10,P0063,324,4,0,0
2026-04-11,P0063,328,3,0,0
2026-04-12,P0063,418,2,0,0
2026-04-13,P0063,276,3,0,0
2026-04-14,P0063,300,3,0,0
2026-04-15,P0063,304,3,0,0
2026-04-16,P0063,263,1,0,0
2026-04-17,P0063,336,2,0,0
2026-04-18,P0063,320,4,0,0
2026-04-19,P0063,321,5,0,0
2026-04-20,P0063,369,4,0,0
2026-04-21,P0063,242,3,0,0
2026-04-22,P0063,297,3,0,0
2026-04-23,P0063,273,2,0,0
2026-04-24,P0063,296,3,0,0
2026-04-25,P0063,316,2,0,0
2026-04-26,P0063,406,4,0,0
2026-04-27,P0063,347,3,0,0
2026-04-28,P0063,329,4,0,0
2026-03-30,P0384,425,6,0,0
2026-03-31,P0384,394,4,0,0
2026-04-01,P0384,387,5,0,0
2026-04-02,P0384,422,5,0,0
2026-04-03,P0384,543,7,0,0
2026-04-04,P0384,394,4,0,0
2026-04-05,P0384,472,5,0,0
2026-04-06,P0384,505,4,0,0
2026-04-07,P0384,354,4,0,0
2026-04-08,P0384,295,3,0,0
2026-04-09,P0384,435,4,0,0
2026-04-10,P0384,421,7,0,0
2026-04-11,P0384,377,5,0,0
2026-04-12,P0384,553,5,0,0
2026-04-13,P0384,330,4,0,0
2026-04-14,P0384,322,5,0,0
2026-04-15,P0384,368,5,0,0
2026-04-16,P0384,560,8,0,0
2026-04-17,P0384,338,3,0,0
2026-04-18,P0384,483,7,0,0
2026-04-19,P0384,389,5,0,0
2026-04-20,P0384,452,5,0,0
2026-04-21,P0384,413,7,0,0
2026-04-22,P0384,353,4,0,0
2026-04-23,P0384,463,8,0,0
2026-04-24,P0384,291,4,0,0
2026-04-25,P0384,557,9,0,0
2026-04-26,P0384,391,5,0,0
2026-04-27,P0384,446,4,0,0
2026-04-28,P0384,314,4,0,0
2026-03-30,P0093,1311,19,1,0
2026-03-31,P0093,1087,17,1,0
2026-04-01,P0093,1690,26,2,0
2026-04-02,P0093,1739,25,1,0
2026-04-03,P0093,1434,12,1,0
2026-04-04,P0093,1457,17,1,0
2026-04-05,P0093,1347,24,2,0
2026-04-06,P0093,1375,20,1,0
2026-04-07,P0093,1364,11,1,0
2026-04-08,P0093,1397,10,0,0
2026-04-09,P0093,1243,18,1,0
2026-04-10,P0093,1246,16,1,0
2026-04-11,P0093,1312,18,1,0
2026-04-12,P0093,1585,9,0,0
2026-04-13,P0093,1411,20,1,0
2026-04-14,P0093,1502,20,0,0
2026-04-15,P0093,1082,15,1,0
2026-04-16,P0093,1278,19,0,0
2026-04-17,P0093,1264,14,1,0
2026-04-18,P0093,1309,19,1,0
2026-04-19,P0093,1327,16,0,0
2026-04-20,P0093,1429,12,0,0
2026-04-21,P0093,1212,16,1,0
2026-04-22,P0093,1088,18,1,0
2026-04-23,P0093,1187,13,0,0
2026-04-24,P0093,1220,19,1,0
2026-04-25,P0093,1292,7,0,0
2026-04-26,P0093,1551,12,1,0
2026-04-27,P0093,1640,21,1,0
2026-04-28,P0093,1528,16,0,0
2026-03-30,P0485,1195,21,0,0
2026-03-31,P0485,813,22,1,0
2026-04-01,P0485,1194,30,1,0
2026-04-02,P0485,1391,25,0,0
2026-04-03,P0485,1146,22,0,0
2026-04-04,P0485,1007,24,0,0
2026-04-05,P0485,1142,26,0,0
2026-04-06,P0485,1073,28,0,0
2026-04-07,P0485,1538,30,1,0
2026-04-08,P0485,1269,27,1,0
2026-04-09,P0485,1018,18,0,0
2026-04-10,P0485,1322,35,1,0
2026-04-11,P0485,937,28,1,0
2026-04-12,P0485,954,20,0,0
2026-04-13,P0485,1387,43,1,0
2026-04-14,P0485,1037,29,1,0
2026-04-15,P0485,1201,21,0,0
2026-04-16,P0485,1148,27,0,0
2026-04-17,P0485,1196,29,1,0
2026-04-18,P0485,1338,27,0,0
2026-04-19,P0485,1225,18,0,0
2026-04-20,P0485,1103,30,1,0
2026-04-21,P0485,1242,26,0,0
2026-04-22,P0485,1197,18,0,0
2026-04-23,P0485,1269,29,0,0
2026-04-24,P0485,1162,10,0,0
2026-04-25,P0485,893,19,1,0
2026-04-26,P0485,1195,18,0,0
2026-04-27,P0485,1203,32,1,0
2026-04-28,P0485,1078,25,0,0
2026-03-30,P0185,260,4,0,0
2026-03-31,P0185,227,4,0,0
2026-04-01,P0185,303,9,1,0
2026-04-02,P0185,245,4,0,0
2026-04-03,P0185,346,9,0,0
2026-04-04,P0185,236,5,0,0
2026-04-05,P0185,220,5,0,0
2026-04-06,P0185,267,4,0,0
2026-04-07,P0185,275,6,0,0
2026-04-08,P0185,265,4,0,0
2026-04-09,P0185,272,5,0,0
2026-04-10,P0185,197,4,0,0
2026-04-11,P0185,247,4,0,0
2026-04-12,P0185,241,4,0,0
2026-04-13,P0185,232,6,0,0
2026-04-14,P0185,299,3,0,0
2026-04-15,P0185,302,7,0,0
2026-04-16,P0185,277,5,0,0
2026-04-17,P0185,241,7,0,0
2026-04-18,P0185,228,5,0,0
2026-04-19,P0185,296,5,0,0
2026-04-20,P0185,304,6,1,0
2026-04-21,P0185,275,5,0,0
2026-04-22,P0185,330,9,1,0
2026-04-23,P0185,282,4,0,0
2026-04-24,P0185,283,7,0,0
2026-04-25,P0185,224,4,0,0
2026-04-26,P0185,292,5,0,0
2026-04-27,P0185,238,5,0,0
2026-04-28,P0185,267,5,0,0
2026-03-30,P0033,3520,61,0,0
2026-03-31,P0033,4770,83,0,0
2026-04-01,P0033,5201,114,1,0
2026-04-02,P0033,4798,115,1,0
2026-04-03,P0033,4058,65,0,0
2026-04-04,P0033,4041,55,0,0
2026-04-05,P0033,5601,123,1,0
2026-04-06,P0033,5491,101,1,0
2026-04-07,P0033,4902,76,0,0
2026-04-08,P0033,5085,104,1,0
2026-04-09,P0033,5041,56,0,0
2026-04-10,P0033,4580,98,1,0
2026-04-11,P0033,4926,88,1,0
2026-04-12,P0033,4774,103,1,0
2026-04-13,P0033,5110,97,1,0
2026-04-14,P0033,4694,79,0,0
2026-04-15,P0033,4510,63,0,0
2026-04-16,P0033,4911,79,0,0
2026-04-17,P0033,5245,71,0,0
2026-04-18,P0033,3240,52,0,0
2026-04-19,P0033,4222,70,1,0
2026-04-20,P0033,4765,108,1,0
2026-04-21,P0033,4569,100,1,0
2026-04-22,P0033,4521,64,0,0
2026-04-23,P0033,4557,69,0,0
2026-04-24,P0033,5405,76,0,0
2026-04-25,P0033,5612,112,1,0
2026-04-26,P0033,3928,60,0,0
2026-04-27,P0033,3457,46,0,0
2026-04-28,P0033,4865,97,0,0
2026-03-30,P0077,1094,12,0,0
2026-03-31,P0077,1188,15,0,0
2026-04-01,P0077,961,10,0,0
2026-04-02,P0077,1055,12,0,0
2026-04-03,P0077,1253,15,0,0
2026-04-04,P0077,1310,10,0,0
2026-04-05,P0077,1271,11,0,0
2026-04-06,P0077,1321,19,0,0
2026-04-07,P0077,960,11,0,0
2026-04-08,P0077,1046,10,0,0
2026-04-09,P0077,1147,8,0,0
2026-04-10,P0077,1348,11,0,0
2026-04-11,P0077,1371,14,0,0
2026-04-12,P0077,1450,11,0,0
2026-04-13,P0077,828,10,0,0
2026-04-14,P0077,1244,12,0,0
2026-04-15,P0077,980,11,0,0
2026-04-16,P0077,1212,14,0,0
2026-04-17,P0077,1229,11,0,0
2026-04-18,P0077,996,11,0,0
2026-04-19,P0077,1263,11,0,0
2026-04-20,P0077,1287,15,0,0
2026-04-21,P0077,978,8,0,0
2026-04-22,P0077,1112,10,0,0
2026-04-23,P0077,1044,12,0,0
2026-04-24,P0077,1063,6,0,0
2026-04-25,P0077,1160,9,0,0
2026-04-26,P0077,1177,13,0,0
2026-04-27,P0077,882,7,0,0
2026-04-28,P0077,1160,15,0,0
2026-03-30,P0000,1038,33,2,0
2026-03-31,P0000,920,19,1,0
2026-04-01,P0000,910,26,2,0
2026-04-02,P0000,936,27,2,0
2026-04-03,P0000,816,13,1,0
2026-04-04,P0000,961,29,3,0
2026-04-05,P0000,933,35,4,0
2026-04-06,P0000,990,22,2,0
2026-04-07,P0000,1022,25,2,0
2026-04-08,P0000,977,30,2,0
2026-04-09,P0000,1172,50,5,0
2026-04-10,P0000,833,26,3,0
2026-04-11,P0000,925,27,3,0
2026-04-12,P0000,721,23,2,0
2026-04-13,P0000,1000,26,1,0
2026-04-14,P0000,997,31,4,0
2026-04-15,P0000,864,25,2,0
2026-04-16,P0000,916,21,2,0
2026-04-17,P0000,1075,33,3,0
2026-04-18,P0000,916,22,2,0
2026-04-19,P0000,1182,43,4,0
2026-04-20,P0000,930,20,1,0
2026-04-21,P0000,975,30,3,0
2026-04-22,P0000,846,31,3,0
2026-04-23,P0000,927,26,2,0
2026-04-24,P0000,1301,38,4,0
2026-04-25,P0000,874,31,3,0
2026-04-26,P0000,1038,41,1,0
2026-04-27,P0000,550,18,1,0
2026-04-28,P0000,1006,35,3,0
2026-03-30,P0011,219,1,0,0
2026-03-31,P0011,273,1,0,0
2026-04-01,P0011,178,2,0,0
2026-04-02,P0011,261,3,0,0
2026-04-03,P0011,165,1,0,0
2026-04-04,P0011,247,2,0,0
2026-04-05,P0011,269,2,0,0
2026-04-06,P0011,211,2,0,0
2026-04-07,P0011,234,2,0,0
2026-04-08,P0011,176,2,0,0
2026-04-09,P0011,215,3,0,0
2026-04-10,P0011,199,1,0,0
2026-04-11,P0011,255,2,0,0
2026-04-12,P0011,224,3,0,0
2026-04-13,P0011,242,2,0,0
2026-04-14,P0011,224,3,0,0
2026-04-15,P0011,199,2,0,0
2026-04-16,P0011,239,2,0,0
2026-04-17,P0011,247,4,0,0
2026-04-18,P0011,233,2,0,0
2026-04-19,P0011,239,3,0,0
2026-04-20,P0011,239,2,0,0
2026-04-21,P0011,274,2,0,0
2026-04-22,P0011,282,3,0,0
2026-04-23,P0011,249,3,0,0
2026-04-24,P0011,260,3,0,0
2026-04-25,P0011,252,3,0,0
2026-04-26,P0011,208,2,0,0
2026-04-27,P0011,273,3,0,0
2026-04-28,P0011,204,2,0,0
2026-03-30,P0415,1004,9,1,0
2026-03-31,P0415,699,6,1,0
2026-04-01,P0415,726,6,1,0
2026-04-02,P0415,731,7,2,0
2026-04-03,P0415,750,6,1,0
2026-04-04,P0415,707,4,0,0
2026-04-05,P0415,731,8,1,0
2026-04-06,P0415,657,7,1,0
2026-04-07,P0415,689,7,1,0
2026-04-08,P0415,989,9,1,0
2026-04-09,P0415,685,4,1,0
2026-04-10,P0415,703,5,0,0
2026-04-11,P0415,675,4,1,0
2026-04-12,P0415,801,8,2,0
2026-04-13,P0415,768,6,1,0
2026-04-14,P0415,695,4,0,0
2026-04-15,P0415,528,5,1,0
2026-04-16,P0415,694,5,0,0
2026-04-17,P0415,760,5,1,0
2026-04-18,P0415,840,6,1,0
2026-04-19,P0415,673,5,1,0
2026-04-20,P0415,897,9,2,0
2026-04-21,P0415,801,7,1,0
2026-04-22,P0415,809,5,0,0
2026-04-23,P0415,824,7,1,0
2026-04-24,P0415,870,9,1,0
2026-04-25,P0415,670,3,0,0
2026-04-26,P0415,789,9,2,0
2026-04-27,P0415,757,6,0,0
2026-04-28,P0415,682,5,1,0
2026-03-30,P0022,732,29,0,0
2026-03-31,P0022,699,39,1,0
2026-04-01,P0022,710,28,1,0
2026-04-02,P0022,813,42,1,0
2026-04-03,P0022,680,38,1,0
2026-04-04,P0022,630,25,0,0
2026-04-05,P0022,787,32,1,0
2026-04-06,P0022,693,37,1,0
2026-04-07,P0022,679,28,0,0
2026-04-08,P0022,631,27,0,0
2026-04-09,P0022,603,34,1,0
2026-04-10,P0022,507,17,0,0
2026-04-11,P0022,681,30,1,0
2026-04-12,P0022,603,25,0,0
2026-04-13,P0022,520,25,0,0
2026-04-14,P0022,453,13,0,0
2026-04-15,P0022,740,20,0,0
2026-04-16,P0022,724,50,0,0
2026-04-17,P0022,456,21,0,0
2026-04-18,P0022,540,26,0,0
2026-04-19,P0022,587,18,0,0
2026-04-20,P0022,805,42,1,0
2026-04-21,P0022,637,35,1,0
2026-04-22,P0022,607,25,1,0
2026-04-23,P0022,588,22,0,0
2026-04-24,P0022,555,30,0,0
2026-04-25,P0022,393,18,0,0
2026-04-26,P0022,642,24,0,0
2026-04-27,P0022,648,25,0,0
2026-04-28,P0022,647,36,1,0
2026-03-30,P0072,143,0,0,0
2026-03-31,P0072,76,0,0,0
2026-04-01,P0072,135,0,0,0
2026-04-02,P0072,154,0,0,0
2026-04-03,P0072,160,0,0,0
2026-04-04,P0072,137,0,0,0
2026-04-05,P0072,111,0,0,0
2026-04-06,P0072,156,0,0,0
2026-04-07,P0072,169,1,0,0
2026-04-08,P0072,132,0,0,0
2026-04-09,P0072,183,1,0,0
2026-04-10,P0072,155,0,0,0
2026-04-11,P0072,156,0,0,0
2026-04-12,P0072,114,0,0,0
2026-04-13,P0072,127,0,0,0
2026-04-14,P0072,128,0,0,0
2026-04-15,P0072,173,1,0,0
2026-04-16,P0072,114,0,0,0
2026-04-17,P0072,155,1,0,0
2026-04-18,P0072,181,0,0,0
2026-04-19,P0072,122,0,0,0
2026-04-20,P0072,116,0,0,0
2026-04-21,P0072,176,0,0,0
2026-04-22,P0072,132,0,0,0
2026-04-23,P0072,159,0,0,0
2026-04-24,P0072,132,0,0,0
2026-04-25,P0072,145,0,0,0
2026-04-26,P0072,166,0,0,0
2026-04-27,P0072,142,0,0,0
2026-04-28,P0072,111,0,0,0
2026-03-30,P0182,1311,29,5,1
2026-03-31,P0182,965,12,2,0
2026-04-01,P0182,1203,21,3,1
2026-04-02,P0182,1143,15,2,0
2026-04-03,P0182,848,9,1,0
2026-04-04,P0182,1262,25,6,2
2026-04-05,P0182,1153,19,2,0
2026-04-06,P0182,697,16,2,0
2026-04-07,P0182,830,15,3,1
2026-04-08,P0182,757,13,1,0
2026-04-09,P0182,1052,17,2,0
2026-04-10,P0182,1253,26,5,0
2026-04-11,P0182,998,26,5,1
2026-04-12,P0182,961,13,3,1
2026-04-13,P0182,892,16,0,0
2026-04-14,P0182,1014,22,1,0
2026-04-15,P0182,1161,15,2,0
2026-04-16,P0182,1268,22,3,1
2026-04-17,P0182,808,14,2,0
2026-04-18,P0182,1137,23,3,1
2026-04-19,P0182,1234,19,3,1
2026-04-20,P0182,999,12,2,0
2026-04-21,P0182,1164,19,2,1
2026-04-22,P0182,1159,22,4,1
2026-04-23,P0182,1007,16,3,0
2026-04-24,P0182,1233,21,3,1
2026-04-25,P0182,1012,17,2,0
2026-04-26,P0182,908,16,2,0
2026-04-27,P0182,993,25,3,1
2026-04-28,P0182,983,13,1,0
2026-03-30,P0131,498,24,1,0
2026-03-31,P0131,525,32,2,0
2026-04-01,P0131,541,27,2,0
2026-04-02,P0131,490,21,1,0
2026-04-03,P0131,351,17,1,0
2026-04-04,P0131,390,20,1,0
2026-04-05,P0131,429,16,1,0
2026-04-06,P0131,420,19,1,0
2026-04-07,P0131,460,36,2,0
2026-04-08,P0131,473,30,3,0
2026-04-09,P0131,462,34,3,0
2026-04-10,P0131,444,16,1,0
2026-04-11,P0131,430,17,1,0
2026-04-12,P0131,432,18,1,0
2026-04-13,P0131,346,17,1,0
2026-04-14,P0131,526,22,1,0
2026-04-15,P0131,489,33,1,0
2026-04-16,P0131,506,17,1,0
2026-04-17,P0131,430,23,2,0
2026-04-18,P0131,422,18,1,0
2026-04-19,P0131,338,15,1,0
2026-04-20,P0131,443,32,2,0
2026-04-21,P0131,490,25,2,0
2026-04-22,P0131,410,12,0,0
2026-04-23,P0131,450,15,1,0
2026-04-24,P0131,410,16,1,0
2026-04-25,P0131,363,21,1,0
2026-04-26,P0131,466,22,2,0
2026-04-27,P0131,558,24,2,0
2026-04-28,P0131,477,26,2,0
2026-03-30,P0410,740,26,1,0
2026-03-31,P0410,587,14,1,0
2026-04-01,P0410,547,18,1,0
2026-04-02,P0410,594,15,0,0
2026-04-03,P0410,468,13,1,0
2026-04-04,P0410,600,12,1,0
2026-04-05,P0410,686,24,2,0
2026-04-06,P0410,586,16,1,0
2026-04-07,P0410,674,17,1,0
2026-04-08,P0410,749,14,0,0
2026-04-09,P0410,741,15,1,0
2026-04-10,P0410,620,18,1,0
2026-04-11,P0410,529,11,1,0
2026-04-12,P0410,542,13,0,0
2026-04-13,P0410,768,19,2,0
2026-04-14,P0410,634,18,0,0
2026-04-15,P0410,633,21,2,0
2026-04-16,P0410,756,18,1,0
2026-04-17,P0410,618,20,1,0
2026-04-18,P0410,724,22,2,0
2026-04-19,P0410,696,18,1,0
2026-04-20,P0410,641,22,2,0
2026-04-21,P0410,594,19,1,0
2026-04-22,P0410,607,16,1,0
2026-04-23,P0410,650,17,1,0
2026-04-24,P0410,761,23,1,0
2026-04-25,P0410,645,12,1,0
2026-04-26,P0410,886,29,2,0
2026-04-27,P0410,653,13,0,0
2026-04-28,P0410,633,9,0,0
2026-03-30,P0193,96,1,0,0
2026-03-31,P0193,109,1,0,0
2026-04-01,P0193,88,1,0,0
2026-04-02,P0193,83,1,0,0
2026-04-03,P0193,99,2,0,0
2026-04-04,P0193,118,2,0,0
2026-04-05,P0193,102,2,0,0
2026-04-06,P0193,90,1,0,0
2026-04-07,P0193,106,1,0,0
2026-04-08,P0193,82,1,0,0
2026-04-09,P0193,115,2,0,0
2026-04-10,P0193,103,2,0,0
2026-04-11,P0193,119,1,0,0
2026-04-12,P0193,117,2,0,0
2026-04-13,P0193,82,1,0,0
2026-04-14,P0193,76,1,0,0
2026-04-15,P0193,93,1,0,0
2026-04-16,P0193,57,0,0,0
2026-04-17,P0193,96,1,0,0
2026-04-18,P0193,109,1,0,0
2026-04-19,P0193,99,1,0,0
2026-04-20,P0193,118,2,0,0
2026-04-21,P0193,94,1,0,0
2026-04-22,P0193,122,1,0,0
2026-04-23,P0193,108,1,0,0
2026-04-24,P0193,70,1,0,0
2026-04-25,P0193,97,1,0,0
2026-04-26,P0193,90,1,0,0
2026-04-27,P0193,111,2,0,0
2026-04-28,P0193,96,1,0,0
2026-03-30,P0055,177,0,0,0
2026-03-31,P0055,173,0,0,0
2026-04-01,P0055,171,0,0,0
2026-04-02,P0055,155,0,0,0
2026-04-03,P0055,158,0,0,0
2026-04-04,P0055,153,0,0,0
2026-04-05,P0055,140,0,0,0
2026-04-06,P0055,144,0,0,0
2026-04-07,P0055,146,0,0,0
2026-04-08,P0055,149,0,0,0
2026-04-09,P0055,170,0,0,0
2026-04-10,P0055,143,0,0,0
2026-04-11,P0055,134,0,0,0
2026-04-12,P0055,137,0,0,0
2026-04-13,P0055,147,0,0,0
2026-04-14,P0055,203,1,0,0
2026-04-15,P0055,140,0,0,0
2026-04-16,P0055,154,0,0,0
2026-04-17,P0055,129,0,0,0
2026-04-18,P0055,153,0,0,0
2026-04-19,P0055,170,0,0,0
2026-04-20,P0055,150,0,0,0
2026-04-21,P0055,192,1,0,0
2026-04-22,P0055,127,0,0,0
2026-04-23,P0055,150,0,0,0
2026-04-24,P0055,138,0,0,0
2026-04-25,P0055,133,0,0,0
2026-04-26,P0055,175,1,0,0
2026-04-27,P0055,161,0,0,0
2026-04-28,P0055,146,0,0,0
2026-03-30,P0148,692,39,1,0
2026-03-31,P0148,602,15,0,0
2026-04-01,P0148,718,21,1,0
2026-04-02,P0148,535,18,0,0
2026-04-03,P0148,715,40,1,0
2026-04-04,P0148,448,27,1,0
2026-04-05,P0148,608,30,1,0
2026-04-06,P0148,562,24,1,0
2026-04-07,P0148,496,25,1,0
2026-04-08,P0148,525,18,1,0
2026-04-09,P0148,638,27,1,0
2026-04-10,P0148,534,21,1,0
2026-04-11,P0148,713,23,1,0
2026-04-12,P0148,566,24,0,0
2026-04-13,P0148,498,22,0,0
2026-04-14,P0148,661,30,1,0
2026-04-15,P0148,533,19,0,0
2026-04-16,P0148,440,17,0,0
2026-04-17,P0148,594,23,1,0
2026-04-18,P0148,534,26,0,0
2026-04-19,P0148,523,29,1,0
2026-04-20,P0148,620,26,1,0
2026-04-21,P0148,629,27,1,0
2026-04-22,P0148,568,20,1,0
2026-04-23,P0148,518,23,1,0
2026-04-24,P0148,553,20,1,0
2026-04-25,P0148,587,33,0,0
2026-04-26,P0148,530,17,0,0
2026-04-27,P0148,641,23,1,0
2026-04-28,P0148,593,24,1,0
2026-03-30,P0018,165,1,0,0
2026-03-31,P0018,124,1,0,0
2026-04-01,P0018,70,1,0,0
2026-04-02,P0018,130,1,0,0
2026-04-03,P0018,111,1,0,0
2026-04-04,P0018,130,1,0,0
2026-04-05,P0018,125,1,0,0
2026-04-06,P0018,102,1,0,0
2026-04-07,P0018,127,1,0,0
2026-04-08,P0018,113,1,0,0
2026-04-09,P0018,97,1,0,0
2026-04-10,P0018,126,1,0,0
2026-04-11,P0018,130,1,0,0
2026-04-12,P0018,103,1,0,0
2026-04-13,P0018,132,1,0,0
2026-04-14,P0018,110,1,0,0
2026-04-15,P0018,114,1,0,0
2026-04-16,P0018,132,2,0,0
2026-04-17,P0018,144,2,0,0
2026-04-18,P0018,126,1,0,0
2026-04-19,P0018,158,1,0,0
2026-04-20,P0018,130,1,0,0
2026-04-21,P0018,116,1,0,0
2026-04-22,P0018,133,1,0,0
2026-04-23,P0018,116,1,0,0
2026-04-24,P0018,114,0,0,0
2026-04-25,P0018,133,1,0,0
2026-04-26,P0018,158,2,0,0
2026-04-27,P0018,149,1,0,0
2026-04-28,P0018,124,1,0,0
2026-03-30,P0204,1292,45,5,0
2026-03-31,P0204,2436,67,11,0
2026-04-01,P0204,2717,86,11,0
2026-04-02,P0204,1648,40,7,0
2026-04-03,P0204,2167,62,12,0
2026-04-04,P0204,2481,57,6,0
2026-04-05,P0204,1672,47,4,0
2026-04-06,P0204,1800,35,3,0
2026-04-07,P0204,1915,50,7,0
2026-04-08,P0204,1906,39,5,0
2026-04-09,P0204,1561,33,3,0
2026-04-10,P0204,1770,52,4,0
2026-04-11,P0204,1898,47,3,0
2026-04-12,P0204,1878,45,6,0
2026-04-13,P0204,2442,70,7,0
2026-04-14,P0204,2036,66,7,0
2026-04-15,P0204,2011,68,11,0
2026-04-16,P0204,1920,55,6,0
2026-04-17,P0204,2022,48,5,0
2026-04-18,P0204,2165,47,7,0
2026-04-19,P0204,2037,65,3,0
2026-04-20,P0204,1871,50,7,0
2026-04-21,P0204,2081,65,9,0
2026-04-22,P0204,2155,78,12,0
2026-04-23,P0204,2781,64,11,0
2026-04-24,P0204,2317,52,7,0
2026-04-25,P0204,2472,70,11,0
2026-04-26,P0204,1973,55,7,0
2026-04-27,P0204,1889,49,8,0
2026-04-28,P0204,2175,53,5,0
2026-03-30,P0078,547,10,1,0
2026-03-31,P0078,522,7,1,0
2026-04-01,P0078,520,7,0,0
2026-04-02,P0078,519,7,1,0
2026-04-03,P0078,371,5,0,0
2026-04-04,P0078,547,6,1,0
2026-04-05,P0078,449,6,1,0
2026-04-06,P0078,502,8,1,0
2026-04-07,P0078,542,8,0,0
2026-04-08,P0078,475,5,0,0
2026-04-09,P0078,504,7,0,0
2026-04-10,P0078,458,7,1,0
2026-04-11,P0078,408,5,0,0
2026-04-12,P0078,448,6,1,0
2026-04-13,P0078,408,5,1,0
2026-04-14,P0078,366,6,0,0
2026-04-15,P0078,447,6,1,0
2026-04-16,P0078,529,8,1,0
2026-04-17,P0078,545,8,2,0
2026-04-18,P0078,476,7,1,0
2026-04-19,P0078,455,7,1,0
2026-04-20,P0078,463,8,1,0
2026-04-21,P0078,367,7,1,0
2026-04-22,P0078,438,6,1,0
2026-04-23,P0078,492,7,1,0
2026-04-24,P0078,448,7,1,0
2026-04-25,P0078,476,8,1,0
2026-04-26,P0078,399,5,0,0
2026-04-27,P0078,532,6,0,0
2026-04-28,P0078,422,6,0,0
2026-03-30,P0494,915,14,1,0
2026-03-31,P0494,748,8,0,0
2026-04-01,P0494,727,10,0,0
2026-04-02,P0494,833,10,0,0
2026-04-03,P0494,621,7,0,0
2026-04-04,P0494,891,12,1,0
2026-04-05,P0494,716,10,0,0
2026-04-06,P0494,697,11,0,0
2026-04-07,P0494,675,7,0,0
2026-04-08,P0494,1014,13,1,0
2026-04-09,P0494,945,10,0,0
2026-04-10,P0494,675,10,0,0
2026-04-11,P0494,922,11,0,0
2026-04-12,P0494,694,9,0,0
2026-04-13,P0494,1015,11,1,0
2026-04-14,P0494,820,13,1,0
2026-04-15,P0494,879,13,0,0
2026-04-16,P0494,1038,15,1,0
2026-04-17,P0494,634,9,0,0
2026-04-18,P0494,1075,13,0,0
2026-04-19,P0494,696,8,0,0
2026-04-20,P0494,621,9,0,0
2026-04-21,P0494,738,12,1,0
2026-04-22,P0494,788,11,0,0
2026-04-23,P0494,784,10,0,0
2026-04-24,P0494,831,9,0,0
2026-04-25,P0494,806,10,0,0
2026-04-26,P0494,723,9,0,0
2026-04-27,P0494,814,11,0,0
2026-04-28,P0494,663,8,0,0
2026-03-30,P0262,37,0,0,0
2026-03-31,P0262,73,2,0,0
2026-04-01,P0262,51,1,0,0
2026-04-02,P0262,57,2,0,0
2026-04-03,P0262,76,1,0,0
2026-04-04,P0262,49,1,0,0
2026-04-05,P0262,66,1,0,0
2026-04-06,P0262,65,2,0,0
2026-04-07,P0262,41,1,0,0
2026-04-08,P0262,62,1,0,0
2026-04-09,P0262,55,1,0,0
2026-04-10,P0262,60,1,0,0
2026-04-11,P0262,73,2,0,0
2026-04-12,P0262,48,1,0,0
2026-04-13,P0262,51,0,0,0
2026-04-14,P0262,60,1,0,0
2026-04-15,P0262,70,2,0,0
2026-04-16,P0262,48,1,0,0
2026-04-17,P0262,54,1,0,0
2026-04-18,P0262,66,2,0,0
2026-04-19,P0262,62,2,0,0
2026-04-20,P0262,86,2,0,0
2026-04-21,P0262,35,1,0,0
2026-04-22,P0262,56,2,0,0
2026-04-23,P0262,58,1,0,0
2026-04-24,P0262,62,1,0,0
2026-04-25,P0262,62,1,0,0
2026-04-26,P0262,59,2,0,0
2026-04-27,P0262,74,2,0,0
2026-04-28,P0262,70,2,0,0
2026-03-30,P0323,158,1,0,0
2026-03-31,P0323,179,2,0,0
2026-04-01,P0323,212,2,0,0
2026-04-02,P0323,202,1,0,0
2026-04-03,P0323,222,2,0,0
2026-04-04,P0323,191,2,0,0
2026-04-05,P0323,185,2,0,0
2026-04-06,P0323,186,2,0,0
2026-04-07,P0323,164,1,0,0
2026-04-08,P0323,154,1,0,0
2026-04-09,P0323,208,2,0,0
2026-04-10,P0323,171,2,0,0
2026-04-11,P0323,176,2,0,0
2026-04-12,P0323,147,1,0,0
2026-04-13,P0323,174,2,0,0
2026-04-14,P0323,207,1,0,0
2026-04-15,P0323,188,1,0,0
2026-04-16,P0323,161,1,0,0
2026-04-17,P0323,190,2,0,0
2026-04-18,P0323,203,2,0,0
2026-04-19,P0323,109,1,0,0
2026-04-20,P0323,167,2,0,0
2026-04-21,P0323,198,3,0,0
2026-04-22,P0323,141,2,0,0
2026-04-23,P0323,267,3,0,0
2026-04-24,P0323,155,1,0,0
2026-04-25,P0323,143,2,0,0
2026-04-26,P0323,202,2,0,0
2026-04-27,P0323,185,2,0,0
2026-04-28,P0323,175,2,0,0
2026-03-30,P0483,402,3,0,0
2026-03-31,P0483,351,2,0,0
2026-04-01,P0483,450,4,0,0
2026-04-02,P0483,347,3,0,0
2026-04-03,P0483,373,3,0,0
2026-04-04,P0483,440,4,0,0
2026-04-05,P0483,442,3,0,0
2026-04-06,P0483,311,3,0,0
2026-04-07,P0483,385,3,0,0
2026-04-08,P0483,378,2,0,0
2026-04-09,P0483,393,2,0,0
2026-04-10,P0483,348,3,0,0
2026-04-11,P0483,484,4,0,0
2026-04-12,P0483,446,3,0,0
2026-04-13,P0483,454,4,0,0
2026-04-14,P0483,421,3,0,0
2026-04-15,P0483,331,2,0,0
2026-04-16,P0483,368,3,0,0
2026-04-17,P0483,357,2,0,0
2026-04-18,P0483,481,4,0,0
2026-04-19,P0483,358,3,0,0
2026-04-20,P0483,404,4,0,0
2026-04-21,P0483,371,2,0,0
2026-04-22,P0483,377,3,0,0
2026-04-23,P0483,316,2,0,0
2026-04-24,P0483,334,3,0,0
2026-04-25,P0483,348,3,0,0
2026-04-26,P0483,431,5,0,0
2026-04-27,P0483,437,3,0,0
2026-04-28,P0483,367,2,0,0
2026-03-30,P0079,228,12,0,0
2026-03-31,P0079,212,7,0,0
2026-04-01,P0079,248,10,0,0
2026-04-02,P0079,198,11,0,0
2026-04-03,P0079,217,13,0,0
2026-04-04,P0079,220,10,0,0
2026-04-05,P0079,242,11,1,0
2026-04-06,P0079,218,8,0,0
2026-04-07,P0079,291,12,0,0
2026-04-08,P0079,285,17,1,0
2026-04-09,P0079,192,9,0,0
2026-04-10,P0079,227,15,0,0
2026-04-11,P0079,262,10,0,0
2026-04-12,P0079,204,8,0,0
2026-04-13,P0079,277,12,0,0
2026-04-14,P0079,217,12,0,0
2026-04-15,P0079,150,7,0,0
2026-04-16,P0079,192,7,0,0
2026-04-17,P0079,166,8,0,0
2026-04-18,P0079,257,13,0,0
2026-04-19,P0079,243,9,0,0
2026-04-20,P0079,289,14,1,0
2026-04-21,P0079,247,12,1,0
2026-04-22,P0079,230,14,0,0
2026-04-23,P0079,330,13,0,0
2026-04-24,P0079,248,12,0,0
2026-04-25,P0079,198,14,0,0
2026-04-26,P0079,227,10,0,0
2026-04-27,P0079,233,10,0,0
2026-04-28,P0079,218,9,0,0
2026-03-30,P0039,342,3,0,0
2026-03-31,P0039,251,2,0,0
2026-04-01,P0039,321,2,0,0
2026-04-02,P0039,269,2,0,0
2026-04-03,P0039,346,2,0,0
2026-04-04,P0039,316,3,0,0
2026-04-05,P0039,265,2,0,0
2026-04-06,P0039,370,2,0,0
2026-04-07,P0039,329,3,0,0
2026-04-08,P0039,253,2,0,0
2026-04-09,P0039,316,1,0,0
2026-04-10,P0039,359,3,0,0
2026-04-11,P0039,245,2,0,0
2026-04-12,P0039,416,2,0,0
2026-04-13,P0039,324,2,0,0
2026-04-14,P0039,263,1,0,0
2026-04-15,P0039,257,2,0,0
2026-04-16,P0039,357,3,0,0
2026-04-17,P0039,314,2,0,0
2026-04-18,P0039,296,2,0,0
2026-04-19,P0039,288,2,0,0
2026-04-20,P0039,261,1,0,0
2026-04-21,P0039,250,2,0,0
2026-04-22,P0039,297,2,0,0
2026-04-23,P0039,253,2,0,0
2026-04-24,P0039,291,2,0,0
2026-04-25,P0039,280,2,0,0
2026-04-26,P0039,262,1,0,0
2026-04-27,P0039,308,1,0,0
2026-04-28,P0039,284,2,0,0
2026-03-30,P0451,2234,53,2,0
2026-03-31,P0451,2122,28,1,0
2026-04-01,P0451,1584,41,2,0
2026-04-02,P0451,2542,42,3,0
2026-04-03,P0451,2059,43,3,0
2026-04-04,P0451,2210,48,3,0
2026-04-05,P0451,2193,30,2,0
2026-04-06,P0451,2101,51,2,0
2026-04-07,P0451,2233,46,2,0
2026-04-08,P0451,2194,46,3,0
2026-04-09,P0451,1503,20,1,0
2026-04-10,P0451,2720,43,2,0
2026-04-11,P0451,1965,50,3,0
2026-04-12,P0451,2151,47,4,0
2026-04-13,P0451,2822,48,3,0
2026-04-14,P0451,1881,38,2,0
2026-04-15,P0451,2361,47,2,0
2026-04-16,P0451,2210,40,2,0
2026-04-17,P0451,3134,44,2,0
2026-04-18,P0451,2926,42,2,0
2026-04-19,P0451,2353,57,4,0
2026-04-20,P0451,2306,28,1,0
2026-04-21,P0451,2178,28,1,0
2026-04-22,P0451,2290,33,1,0
2026-04-23,P0451,2438,58,5,0
2026-04-24,P0451,2744,38,2,0
2026-04-25,P0451,1928,42,3,0
2026-04-26,P0451,2313,46,3,0
2026-04-27,P0451,2422,49,3,0
2026-04-28,P0451,2196,31,2,0
2026-03-30,P0046,470,9,2,0
2026-03-31,P0046,467,10,0,0
2026-04-01,P0046,590,14,3,0
2026-04-02,P0046,523,11,2,0
2026-04-03,P0046,458,11,3,0
2026-04-04,P0046,475,7,2,0
2026-04-05,P0046,531,9,2,0
2026-04-06,P0046,555,14,4,0
2026-04-07,P0046,401,8,3,0
2026-04-08,P0046,502,13,3,0
2026-04-09,P0046,451,7,2,0
2026-04-10,P0046,492,9,2,0
2026-04-11,P0046,541,10,3,0
2026-04-12,P0046,559,11,1,0
2026-04-13,P0046,490,8,1,0
2026-04-14,P0046,601,11,1,0
2026-04-15,P0046,503,6,1,0
2026-04-16,P0046,322,5,1,0
2026-04-17,P0046,467,7,2,0
2026-04-18,P0046,548,8,1,0
2026-04-19,P0046,526,12,2,0
2026-04-20,P0046,610,8,2,0
2026-04-21,P0046,572,10,1,0
2026-04-22,P0046,408,6,1,0
2026-04-23,P0046,427,9,2,0
2026-04-24,P0046,550,13,3,0
2026-04-25,P0046,409,8,1,0
2026-04-26,P0046,540,12,3,0
2026-04-27,P0046,451,11,2,0
2026-04-28,P0046,492,6,1,0
2026-03-30,P0238,255,5,0,0
2026-03-31,P0238,371,7,0,0
2026-04-01,P0238,222,3,0,0
2026-04-02,P0238,266,4,0,0
2026-04-03,P0238,251,4,0,0
2026-04-04,P0238,289,3,0,0
2026-04-05,P0238,274,3,0,0
2026-04-06,P0238,307,5,0,0
2026-04-07,P0238,303,4,0,0
2026-04-08,P0238,286,3,0,0
2026-04-09,P0238,295,3,0,0
2026-04-10,P0238,333,5,0,0
2026-04-11,P0238,241,5,0,0
2026-04-12,P0238,304,4,0,0
2026-04-13,P0238,233,3,0,0
2026-04-14,P0238,227,3,0,0
2026-04-15,P0238,318,5,0,0
2026-04-16,P0238,251,4,0,0
2026-04-17,P0238,290,5,0,0
2026-04-18,P0238,262,4,0,0
2026-04-19,P0238,230,3,0,0
2026-04-20,P0238,286,4,0,0
2026-04-21,P0238,334,6,0,0
2026-04-22,P0238,257,5,0,0
2026-04-23,P0238,304,4,0,0
2026-04-24,P0238,214,3,0,0
2026-04-25,P0238,281,5,0,0
2026-04-26,P0238,265,5,0,0
2026-04-27,P0238,395,7,0,0
2026-04-28,P0238,238,3,0,0
2026-03-30,P0391,585,9,0,0
2026-03-31,P0391,611,12,1,0
2026-04-01,P0391,498,9,0,0
2026-04-02,P0391,517,9,1,0
2026-04-03,P0391,545,9,0,0
2026-04-04,P0391,644,9,1,0
2026-04-05,P0391,436,8,0,0
2026-04-06,P0391,510,8,0,0
2026-04-07,P0391,628,9,0,0
2026-04-08,P0391,591,5,0,0
2026-04-09,P0391,609,10,0,0
2026-04-10,P0391,505,9,0,0
2026-04-11,P0391,487,10,0,0
2026-04-12,P0391,737,17,2,0
2026-04-13,P0391,648,11,0,0
2026-04-14,P0391,645,11,0,0
2026-04-15,P0391,401,8,0,0
2026-04-16,P0391,482,6,0,0
2026-04-17,P0391,621,8,0,0
2026-04-18,P0391,371,8,1,0
2026-04-19,P0391,483,8,1,0
2026-04-20,P0391,571,10,0,0
2026-04-21,P0391,576,8,1,0
2026-04-22,P0391,562,12,1,0
2026-04-23,P0391,403,6,0,0
2026-04-24,P0391,389,6,0,0
2026-04-25,P0391,534,10,1,0
2026-04-26,P0391,589,13,1,0
2026-04-27,P0391,533,7,0,0
2026-04-28,P0391,496,9,0,0
2026-03-30,P0352,3725,81,3,0
2026-03-31,P0352,4122,84,4,0
2026-04-01,P0352,4621,80,4,0
2026-04-02,P0352,3548,51,2,0
2026-04-03,P0352,4577,78,4,0
2026-04-04,P0352,4187,69,3,0
2026-04-05,P0352,3981,78,3,0
2026-04-06,P0352,5051,111,5,0
2026-04-07,P0352,3591,61,3,0
2026-04-08,P0352,4465,61,3,0
2026-04-09,P0352,3419,77,5,0
2026-04-10,P0352,4440,91,5,0
2026-04-11,P0352,3214,80,4,0
2026-04-12,P0352,3394,66,2,0
2026-04-13,P0352,4461,70,2,0
2026-04-14,P0352,3692,67,2,0
2026-04-15,P0352,4444,88,3,0
2026-04-16,P0352,4023,79,4,0
2026-04-17,P0352,4193,97,4,0
2026-04-18,P0352,4136,103,3,0
2026-04-19,P0352,3877,70,3,0
2026-04-20,P0352,4065,91,4,0
2026-04-21,P0352,3611,40,2,0
2026-04-22,P0352,4289,87,3,0
2026-04-23,P0352,4606,115,7,1
2026-04-24,P0352,4035,74,2,0
2026-04-25,P0352,3335,60,2,0
2026-04-26,P0352,3991,66,2,0
2026-04-27,P0352,3820,59,3,0
2026-04-28,P0352,2818,50,2,0
2026-03-30,P0341,143,1,0,0
2026-03-31,P0341,192,1,0,0
2026-04-01,P0341,151,1,0,0
2026-04-02,P0341,162,1,0,0
2026-04-03,P0341,163,2,0,0
2026-04-04,P0341,176,1,0,0
2026-04-05,P0341,190,1,0,0
2026-04-06,P0341,158,2,0,0
2026-04-07,P0341,148,1,0,0
2026-04-08,P0341,147,1,0,0
2026-04-09,P0341,179,2,0,0
2026-04-10,P0341,127,1,0,0
2026-04-11,P0341,133,1,0,0
2026-04-12,P0341,109,0,0,0
2026-04-13,P0341,113,1,0,0
2026-04-14,P0341,113,1,0,0
2026-04-15,P0341,153,2,0,0
2026-04-16,P0341,172,1,0,0
2026-04-17,P0341,157,1,0,0
2026-04-18,P0341,156,1,0,0
2026-04-19,P0341,165,2,0,0
2026-04-20,P0341,183,1,0,0
2026-04-21,P0341,147,1,0,0
2026-04-22,P0341,144,1,0,0
2026-04-23,P0341,152,0,0,0
2026-04-24,P0341,180,2,0,0
2026-04-25,P0341,130,1,0,0
2026-04-26,P0341,151,2,0,0
2026-04-27,P0341,138,1,0,0
2026-04-28,P0341,161,1,0,0
2026-03-30,P0277,736,10,0,0
2026-03-31,P0277,699,7,0,0
2026-04-01,P0277,606,6,0,0
2026-04-02,P0277,653,5,0,0
2026-04-03,P0277,540,4,0,0
2026-04-04,P0277,615,7,0,0
2026-04-05,P0277,710,3,0,0
2026-04-06,P0277,610,6,0,0
2026-04-07,P0277,798,10,0,0
2026-04-08,P0277,372,3,0,0
2026-04-09,P0277,665,8,0,0
2026-04-10,P0277,873,10,0,0
2026-04-11,P0277,614,7,0,0
2026-04-12,P0277,635,6,0,0
2026-04-13,P0277,764,7,0,0
2026-04-14,P0277,515,4,0,0
2026-04-15,P0277,592,5,0,0
2026-04-16,P0277,604,5,0,0
2026-04-17,P0277,765,8,0,0
2026-04-18,P0277,593,8,0,0
2026-04-19,P0277,504,8,0,0
2026-04-20,P0277,744,9,0,0
2026-04-21,P0277,682,5,0,0
2026-04-22,P0277,678,7,0,0
2026-04-23,P0277,728,10,0,0
2026-04-24,P0277,693,7,0,0
2026-04-25,P0277,574,3,0,0
2026-04-26,P0277,648,3,0,0
2026-04-27,P0277,843,7,0,0
2026-04-28,P0277,656,8,0,0
2026-03-30,P0290,574,7,0,0
2026-03-31,P0290,574,7,0,0
2026-04-01,P0290,438,5,0,0
2026-04-02,P0290,459,4,0,0
2026-04-03,P0290,517,5,0,0
2026-04-04,P0290,469,6,0,0
2026-04-05,P0290,450,6,0,0
2026-04-06,P0290,377,4,0,0
2026-04-07,P0290,546,7,0,0
2026-04-08,P0290,560,8,0,0
2026-04-09,P0290,528,7,0,0
2026-04-10,P0290,554,9,0,0
2026-04-11,P0290,498,7,0,0
2026-04-12,P0290,504,7,0,0
2026-04-13,P0290,467,4,0,0
2026-04-14,P0290,527,7,0,0
2026-04-15,P0290,528,5,0,0
2026-04-16,P0290,347,5,0,0
2026-04-17,P0290,391,6,0,0
2026-04-18,P0290,483,5,0,0
2026-04-19,P0290,332,3,0,0
2026-04-20,P0290,566,8,0,0
2026-04-21,P0290,501,8,0,0
2026-04-22,P0290,389,4,0,0
2026-04-23,P0290,392,5,0,0
2026-04-24,P0290,582,8,0,0
2026-04-25,P0290,619,7,0,0
2026-04-26,P0290,436,5,0,0
2026-04-27,P0290,340,4,0,0
2026-04-28,P0290,492,4,0,0
2026-03-30,P0317,213,3,0,0
2026-03-31,P0317,248,5,0,0
2026-04-01,P0317,291,4,0,0
2026-04-02,P0317,188,3,0,0
2026-04-03,P0317,261,5,0,0
2026-04-04,P0317,304,3,0,0
2026-04-05,P0317,287,5,0,0
2026-04-06,P0317,213,2,0,0
2026-04-07,P0317,186,3,0,0
2026-04-08,P0317,250,4,0,0
2026-04-09,P0317,250,4,0,0
2026-04-10,P0317,190,3,0,0
2026-04-11,P0317,220,3,0,0
2026-04-12,P0317,196,3,0,0
2026-04-13,P0317,174,3,0,0
2026-04-14,P0317,143,2,0,0
2026-04-15,P0317,200,4,0,0
2026-04-16,P0317,216,4,0,0
2026-04-17,P0317,184,3,0,0
2026-04-18,P0317,159,3,0,0
2026-04-19,P0317,223,4,0,0
2026-04-20,P0317,296,5,0,0
2026-04-21,P0317,243,3,0,0
2026-04-22,P0317,228,2,0,0
2026-04-23,P0317,233,4,0,0
2026-04-24,P0317,246,4,0,0
2026-04-25,P0317,243,5,0,0
2026-04-26,P0317,196,2,0,0
2026-04-27,P0317,215,4,0,0
2026-04-28,P0317,174,1,0,0
2026-03-30,P0304,494,6,0,0
2026-03-31,P0304,573,14,0,0
2026-04-01,P0304,301,3,0,0
2026-04-02,P0304,459,8,0,0
2026-04-03,P0304,457,7,0,0
2026-04-04,P0304,517,8,0,0
2026-04-05,P0304,571,7,0,0
2026-04-06,P0304,515,9,0,0
2026-04-07,P0304,591,11,0,0
2026-04-08,P0304,382,7,0,0
2026-04-09,P0304,528,10,0,0
2026-04-10,P0304,494,7,0,0
2026-04-11,P0304,517,7,0,0
2026-04-12,P0304,418,7,0,0
2026-04-13,P0304,632,8,0,0
2026-04-14,P0304,552,11,0,0
2026-04-15,P0304,438,8,0,0
2026-04-16,P0304,365,4,0,0
2026-04-17,P0304,522,10,0,0
2026-04-18,P0304,408,5,0,0
2026-04-19,P0304,433,6,0,0
2026-04-20,P0304,458,7,0,0
2026-04-21,P0304,362,3,0,0
2026-04-22,P0304,565,5,0,0
2026-04-23,P0304,467,9,0,0
2026-04-24,P0304,593,10,0,0
2026-04-25,P0304,426,7,0,0
2026-04-26,P0304,499,7,0,0
2026-04-27,P0304,521,7,0,0
2026-04-28,P0304,390,2,0,0
2026-03-30,P0268,83,0,0,0
2026-03-31,P0268,66,0,0,0
2026-04-01,P0268,86,0,0,0
2026-04-02,P0268,73,0,0,0
2026-04-03,P0268,74,0,0,0
2026-04-04,P0268,85,0,0,0
2026-04-05,P0268,91,0,0,0
2026-04-06,P0268,79,0,0,0
2026-04-07,P0268,66,0,0,0
2026-04-08,P0268,80,0,0,0
2026-04-09,P0268,70,0,0,0
2026-04-10,P0268,98,0,0,0
2026-04-11,P0268,92,1,0,0
2026-04-12,P0268,81,0,0,0
2026-04-13,P0268,78,0,0,0
2026-04-14,P0268,59,0,0,0
2026-04-15,P0268,69,0,0,0
2026-04-16,P0268,75,0,0,0
2026-04-17,P0268,63,0,0,0
2026-04-18,P0268,62,0,0,0
2026-04-19,P0268,82,0,0,0
2026-04-20,P0268,73,0,0,0
2026-04-21,P0268,40,0,0,0
2026-04-22,P0268,89,1,0,0
2026-04-23,P0268,62,0,0,0
2026-04-24,P0268,74,0,0,0
2026-04-25,P0268,76,0,0,0
2026-04-26,P0268,65,0,0,0
2026-04-27,P0268,102,0,0,0
2026-04-28,P0268,88,0,0,0
2026-03-30,P0069,322,3,0,0
2026-03-31,P0069,361,3,0,0
2026-04-01,P0069,433,7,0,0
2026-04-02,P0069,397,4,0,0
2026-04-03,P0069,359,4,0,0
2026-04-04,P0069,394,4,0,0
2026-04-05,P0069,491,3,0,0
2026-04-06,P0069,301,3,0,0
2026-04-07,P0069,317,3,0,0
2026-04-08,P0069,353,2,0,0
2026-04-09,P0069,293,2,0,0
2026-04-10,P0069,439,4,0,0
2026-04-11,P0069,404,4,0,0
2026-04-12,P0069,271,1,0,0
2026-04-13,P0069,362,4,0,0
2026-04-14,P0069,356,3,0,0
2026-04-15,P0069,328,3,0,0
2026-04-16,P0069,340,2,0,0
2026-04-17,P0069,307,3,0,0
2026-04-18,P0069,334,3,0,0
2026-04-19,P0069,406,2,0,0
2026-04-20,P0069,481,6,0,0
2026-04-21,P0069,261,2,0,0
2026-04-22,P0069,371,3,0,0
2026-04-23,P0069,367,3,0,0
2026-04-24,P0069,302,3,0,0
2026-04-25,P0069,337,3,0,0
2026-04-26,P0069,347,3,0,0
2026-04-27,P0069,342,3,0,0
2026-04-28,P0069,345,2,0,0
2026-03-30,P0455,96,0,0,0
2026-03-31,P0455,70,0,0,0
2026-04-01,P0455,91,1,0,0
2026-04-02,P0455,98,1,0,0
2026-04-03,P0455,91,0,0,0
2026-04-04,P0455,115,1,0,0
2026-04-05,P0455,115,1,0,0
2026-04-06,P0455,107,1,0,0
2026-04-07,P0455,78,0,0,0
2026-04-08,P0455,141,1,0,0
2026-04-09,P0455,89,1,0,0
2026-04-10,P0455,81,0,0,0
2026-04-11,P0455,125,0,0,0
2026-04-12,P0455,93,0,0,0
2026-04-13,P0455,98,1,0,0
2026-04-14,P0455,89,0,0,0
2026-04-15,P0455,84,1,0,0
2026-04-16,P0455,84,0,0,0
2026-04-17,P0455,95,0,0,0
2026-04-18,P0455,88,0,0,0
2026-04-19,P0455,100,0,0,0
2026-04-20,P0455,121,1,0,0
2026-04-21,P0455,89,0,0,0
2026-04-22,P0455,133,1,0,0
2026-04-23,P0455,95,1,0,0
2026-04-24,P0455,108,1,0,0
2026-04-25,P0455,80,1,0,0
2026-04-26,P0455,90,0,0,0
2026-04-27,P0455,104,1,0,0
2026-04-28,P0455,82,0,0,0
2026-03-30,P0465,856,6,0,0
2026-03-31,P0465,835,7,0,0
2026-04-01,P0465,941,6,0,0
2026-04-02,P0465,647,5,0,0
2026-04-03,P0465,858,9,0,0
2026-04-04,P0465,621,4,0,0
2026-04-05,P0465,890,8,0,0
2026-04-06,P0465,887,9,0,0
2026-04-07,P0465,1109,8,0,0
2026-04-08,P0465,976,8,0,0
2026-04-09,P0465,815,6,0,0
2026-04-10,P0465,861,8,0,0
2026-04-11,P0465,918,5,0,0
2026-04-12,P0465,754,3,0,0
2026-04-13,P0465,876,8,0,0
2026-04-14,P0465,789,5,0,0
2026-04-15,P0465,817,8,0,0
2026-04-16,P0465,782,5,0,0
2026-04-17,P0465,1253,9,0,0
2026-04-18,P0465,800,6,0,0
2026-04-19,P0465,908,7,0,0
2026-04-20,P0465,724,5,0,0
2026-04-21,P0465,977,7,0,0
2026-04-22,P0465,859,6,0,0
2026-04-23,P0465,977,10,0,0
2026-04-24,P0465,752,4,0,0
2026-04-25,P0465,968,8,0,0
2026-04-26,P0465,899,8,0,0
2026-04-27,P0465,955,7,0,0
2026-04-28,P0465,1105,8,0,0
2026-03-30,P0154,474,5,1,0
2026-03-31,P0154,546,5,1,0
2026-04-01,P0154,590,5,0,0
2026-04-02,P0154,533,6,1,0
2026-04-03,P0154,522,5,0,0
2026-04-04,P0154,438,4,0,0
2026-04-05,P0154,471,5,0,0
2026-04-06,P0154,564,7,1,0
2026-04-07,P0154,490,4,0,0
2026-04-08,P0154,421,3,0,0
2026-04-09,P0154,478,4,0,0
2026-04-10,P0154,533,3,0,0
2026-04-11,P0154,379,3,0,0
2026-04-12,P0154,530,5,1,0
2026-04-13,P0154,444,4,0,0
2026-04-14,P0154,475,4,0,0
2026-04-15,P0154,438,4,0,0
2026-04-16,P0154,524,6,0,0
2026-04-17,P0154,477,7,1,0
2026-04-18,P0154,508,5,0,0
2026-04-19,P0154,465,4,0,0
2026-04-20,P0154,423,2,0,0
2026-04-21,P0154,456,5,1,0
2026-04-22,P0154,522,7,1,0
2026-04-23,P0154,446,4,0,0
2026-04-24,P0154,439,5,1,0
2026-04-25,P0154,516,5,1,0
2026-04-26,P0154,427,3,0,0
2026-04-27,P0154,389,3,0,0
2026-04-28,P0154,350,3,0,0
2026-03-30,P0082,1271,21,1,0
2026-03-31,P0082,972,12,1,0
2026-04-01,P0082,857,25,2,0
2026-04-02,P0082,864,17,1,0
2026-04-03,P0082,1506,27,2,0
2026-04-04,P0082,1345,32,2,0
2026-04-05,P0082,759,17,1,0
2026-04-06,P0082,1057,23,2,0
2026-04-07,P0082,1172,26,2,0
2026-04-08,P0082,930,25,4,0
2026-04-09,P0082,1221,9,0,0
2026-04-10,P0082,1204,18,1,0
2026-04-11,P0082,1123,13,1,0
2026-04-12,P0082,982,21,2,0
2026-04-13,P0082,875,19,1,0
2026-04-14,P0082,1038,19,2,0
2026-04-15,P0082,1357,28,3,0
2026-04-16,P0082,1217,27,3,0
2026-04-17,P0082,768,9,1,0
2026-04-18,P0082,1150,23,3,0
2026-04-19,P0082,1056,15,1,0
2026-04-20,P0082,1113,15,1,0
2026-04-21,P0082,1094,14,1,0
2026-04-22,P0082,789,16,2,0
2026-04-23,P0082,1153,22,2,0
2026-04-24,P0082,988,14,1,0
2026-04-25,P0082,1039,33,2,0
2026-04-26,P0082,832,15,1,0
2026-04-27,P0082,986,18,1,0
2026-04-28,P0082,954,17,2,0
2026-03-30,P0477,759,5,0,0
2026-03-31,P0477,704,5,0,0
2026-04-01,P0477,666,4,0,0
2026-04-02,P0477,720,5,0,0
2026-04-03,P0477,591,4,0,0
2026-04-04,P0477,804,3,0,0
2026-04-05,P0477,862,6,0,0
2026-04-06,P0477,835,4,0,0
2026-04-07,P0477,867,5,0,0
2026-04-08,P0477,663,2,0,0
2026-04-09,P0477,1029,7,0,0
2026-04-10,P0477,842,4,0,0
2026-04-11,P0477,663,4,0,0
2026-04-12,P0477,713,5,0,0
2026-04-13,P0477,772,5,1,0
2026-04-14,P0477,630,4,0,0
2026-04-15,P0477,775,3,0,0
2026-04-16,P0477,641,4,0,0
2026-04-17,P0477,816,6,0,0
2026-04-18,P0477,592,4,0,0
2026-04-19,P0477,1009,10,1,0
2026-04-20,P0477,889,7,0,0
2026-04-21,P0477,787,5,0,0
2026-04-22,P0477,756,5,0,0
2026-04-23,P0477,781,6,0,0
2026-04-24,P0477,854,5,0,0
2026-04-25,P0477,820,5,0,0
2026-04-26,P0477,925,5,0,0
2026-04-27,P0477,880,7,0,0
2026-04-28,P0477,862,9,1,0
2026-03-30,P0172,528,6,0,0
2026-03-31,P0172,521,6,0,0
2026-04-01,P0172,501,8,1,0
2026-04-02,P0172,514,3,0,0
2026-04-03,P0172,517,6,0,0
2026-04-04,P0172,426,7,0,0
2026-04-05,P0172,603,9,1,0
2026-04-06,P0172,585,10,1,0
2026-04-07,P0172,486,7,0,0
2026-04-08,P0172,522,7,0,0
2026-04-09,P0172,541,8,0,0
2026-04-10,P0172,593,8,1,0
2026-04-11,P0172,394,6,0,0
2026-04-12,P0172,559,8,0,0
2026-04-13,P0172,543,8,0,0
2026-04-14,P0172,508,7,0,0
2026-04-15,P0172,626,7,0,0
2026-04-16,P0172,471,7,0,0
2026-04-17,P0172,571,10,0,0
2026-04-18,P0172,444,5,0,0
2026-04-19,P0172,627,11,1,0
2026-04-20,P0172,499,4,0,0
2026-04-21,P0172,468,7,0,0
2026-04-22,P0172,434,5,0,0
2026-04-23,P0172,462,4,0,0
2026-04-24,P0172,555,6,0,0
2026-04-25,P0172,456,7,0,0
2026-04-26,P0172,540,10,1,0
2026-04-27,P0172,556,4,0,0
2026-04-28,P0172,665,11,1,0
2026-03-30,P0321,171,3,0,0
2026-03-31,P0321,205,2,0,0
2026-04-01,P0321,164,2,0,0
2026-04-02,P0321,230,3,0,0
2026-04-03,P0321,259,4,0,0
2026-04-04,P0321,193,2,0,0
2026-04-05,P0321,233,2,0,0
2026-04-06,P0321,211,4,0,0
2026-04-07,P0321,218,3,0,0
2026-04-08,P0321,251,4,0,0
2026-04-09,P0321,190,3,0,0
2026-04-10,P0321,168,2,0,0
2026-04-11,P0321,265,6,0,0
2026-04-12,P0321,250,3,0,0
2026-04-13,P0321,190,3,0,0
2026-04-14,P0321,255,5,0,0
2026-04-15,P0321,227,3,0,0
2026-04-16,P0321,230,4,0,0
2026-04-17,P0321,249,5,0,0
2026-04-18,P0321,266,5,0,0
2026-04-19,P0321,193,3,0,0
2026-04-20,P0321,251,3,0,0
2026-04-21,P0321,225,3,0,0
2026-04-22,P0321,208,3,0,0
2026-04-23,P0321,217,3,0,0
2026-04-24,P0321,207,3,0,0
2026-04-25,P0321,184,3,0,0
2026-04-26,P0321,221,4,0,0
2026-04-27,P0321,210,4,0,0
2026-04-28,P0321,253,4,0,0
2026-03-30,P0090,1048,41,3,0
2026-03-31,P0090,1601,43,3,0
2026-04-01,P0090,1239,39,2,0
2026-04-02,P0090,1234,43,4,0
2026-04-03,P0090,1269,26,2,0
2026-04-04,P0090,1640,53,3,0
2026-04-05,P0090,1203,42,3,0
2026-04-06,P0090,955,32,3,0
2026-04-07,P0090,1420,55,5,0
2026-04-08,P0090,1303,52,5,0
2026-04-09,P0090,1178,36,3,0
2026-04-10,P0090,1487,25,2,0
2026-04-11,P0090,1005,37,2,0
2026-04-12,P0090,1617,63,6,0
2026-04-13,P0090,1234,56,5,0
2026-04-14,P0090,1000,36,3,0
2026-04-15,P0090,1347,41,4,0
2026-04-16,P0090,1150,42,3,0
2026-04-17,P0090,1164,46,3,0
2026-04-18,P0090,1604,44,1,0
2026-04-19,P0090,1201,32,2,0
2026-04-20,P0090,1512,50,5,0
2026-04-21,P0090,1207,36,3,0
2026-04-22,P0090,1455,44,4,0
2026-04-23,P0090,1193,30,2,0
2026-04-24,P0090,1391,56,3,0
2026-04-25,P0090,1198,45,3,0
2026-04-26,P0090,997,35,2,0
2026-04-27,P0090,1216,48,3,0
2026-04-28,P0090,1503,49,5,0
2026-03-30,P0180,108,0,0,0
2026-03-31,P0180,126,0,0,0
2026-04-01,P0180,96,0,0,0
2026-04-02,P0180,104,0,0,0
2026-04-03,P0180,97,0,0,0
2026-04-04,P0180,122,0,0,0
2026-04-05,P0180,106,0,0,0
2026-04-06,P0180,137,0,0,0
2026-04-07,P0180,80,0,0,0
2026-04-08,P0180,71,0,0,0
2026-04-09,P0180,78,0,0,0
2026-04-10,P0180,89,0,0,0
2026-04-11,P0180,135,0,0,0
2026-04-12,P0180,86,0,0,0
2026-04-13,P0180,113,0,0,0
2026-04-14,P0180,83,0,0,0
2026-04-15,P0180,101,0,0,0
2026-04-16,P0180,111,0,0,0
2026-04-17,P0180,118,0,0,0
2026-04-18,P0180,116,0,0,0
2026-04-19,P0180,83,0,0,0
2026-04-20,P0180,102,0,0,0
2026-04-21,P0180,125,0,0,0
2026-04-22,P0180,120,0,0,0
2026-04-23,P0180,80,0,0,0
2026-04-24,P0180,118,0,0,0
2026-04-25,P0180,90,0,0,0
2026-04-26,P0180,119,0,0,0
2026-04-27,P0180,125,0,0,0
2026-04-28,P0180,95,0,0,0
2026-03-30,P0414,435,9,0,0
2026-03-31,P0414,350,6,0,0
2026-04-01,P0414,440,8,0,0
2026-04-02,P0414,414,6,0,0
2026-04-03,P0414,453,8,0,0
2026-04-04,P0414,425,6,0,0
2026-04-05,P0414,553,10,0,0
2026-04-06,P0414,392,6,0,0
2026-04-07,P0414,466,8,0,0
2026-04-08,P0414,319,7,0,0
2026-04-09,P0414,414,7,0,0
2026-04-10,P0414,340,7,0,0
2026-04-11,P0414,480,7,0,0
2026-04-12,P0414,328,5,0,0
2026-04-13,P0414,378,6,0,0
2026-04-14,P0414,427,6,0,0
2026-04-15,P0414,437,8,0,0
2026-04-16,P0414,473,9,0,0
2026-04-17,P0414,427,6,0,0
2026-04-18,P0414,402,7,0,0
2026-04-19,P0414,407,8,0,0
2026-04-20,P0414,425,8,0,0
2026-04-21,P0414,403,5,0,0
2026-04-22,P0414,500,4,0,0
2026-04-23,P0414,344,5,0,0
2026-04-24,P0414,412,5,0,0
2026-04-25,P0414,385,5,0,0
2026-04-26,P0414,335,4,0,0
2026-04-27,P0414,414,8,0,0
2026-04-28,P0414,452,6,0,0
2026-03-30,P0312,490,13,0,0
2026-03-31,P0312,348,7,0,0
2026-04-01,P0312,442,11,0,0
2026-04-02,P0312,505,12,0,0
2026-04-03,P0312,638,16,0,0
2026-04-04,P0312,582,15,0,0
2026-04-05,P0312,641,17,0,0
2026-04-06,P0312,509,12,0,0
2026-04-07,P0312,639,16,0,0
2026-04-08,P0312,560,12,0,0
2026-04-09,P0312,623,11,0,0
2026-04-10,P0312,528,14,0,0
2026-04-11,P0312,570,13,0,0
2026-04-12,P0312,643,14,0,0
2026-04-13,P0312,435,8,0,0
2026-04-14,P0312,489,11,0,0
2026-04-15,P0312,418,13,0,0
2026-04-16,P0312,440,12,0,0
2026-04-17,P0312,517,19,0,0
2026-04-18,P0312,454,14,0,0
2026-04-19,P0312,555,16,0,0
2026-04-20,P0312,559,16,0,0
2026-04-21,P0312,541,8,0,0
2026-04-22,P0312,505,11,0,0
2026-04-23,P0312,578,19,0,0
2026-04-24,P0312,555,9,0,0
2026-04-25,P0312,488,11,0,0
2026-04-26,P0312,683,19,0,0
2026-04-27,P0312,433,11,0,0
2026-04-28,P0312,544,14,0,0
2026-03-30,P0278,184,4,0,0
2026-03-31,P0278,179,3,0,0
2026-04-01,P0278,159,2,0,0
2026-04-02,P0278,216,5,0,0
2026-04-03,P0278,210,4,0,0
2026-04-04,P0278,176,2,0,0
2026-04-05,P0278,228,3,0,0
2026-04-06,P0278,211,3,0,0
2026-04-07,P0278,224,4,0,0
2026-04-08,P0278,210,4,0,0
2026-04-09,P0278,218,5,0,0
2026-04-10,P0278,171,2,0,0
2026-04-11,P0278,162,2,0,0
2026-04-12,P0278,191,5,0,0
2026-04-13,P0278,199,2,0,0
2026-04-14,P0278,188,3,0,0
2026-04-15,P0278,185,3,0,0
2026-04-16,P0278,151,3,0,0
2026-04-17,P0278,193,2,0,0
2026-04-18,P0278,214,4,0,0
2026-04-19,P0278,211,4,0,0
2026-04-20,P0278,211,3,0,0
2026-04-21,P0278,214,4,0,0
2026-04-22,P0278,238,4,0,0
2026-04-23,P0278,180,2,0,0
2026-04-24,P0278,159,3,0,0
2026-04-25,P0278,224,2,0,0
2026-04-26,P0278,185,3,0,0
2026-04-27,P0278,197,3,0,0
2026-04-28,P0278,183,2,0,0
2026-03-30,P0381,1177,23,1,0
2026-03-31,P0381,1089,18,1,0
2026-04-01,P0381,1039,24,1,0
2026-04-02,P0381,1147,36,3,0
2026-04-03,P0381,1012,17,1,0
2026-04-04,P0381,1215,38,2,0
2026-04-05,P0381,1264,25,2,0
2026-04-06,P0381,1408,27,1,0
2026-04-07,P0381,1010,20,0,0
2026-04-08,P0381,1083,28,1,0
2026-04-09,P0381,1092,23,2,0
2026-04-10,P0381,1046,18,0,0
2026-04-11,P0381,1208,34,2,0
2026-04-12,P0381,1160,24,1,0
2026-04-13,P0381,1193,30,1,0
2026-04-14,P0381,1209,27,1,0
2026-04-15,P0381,1533,26,1,0
2026-04-16,P0381,1290,18,1,0
2026-04-17,P0381,1135,29,1,0
2026-04-18,P0381,1082,32,2,0
2026-04-19,P0381,1090,32,2,0
2026-04-20,P0381,1126,24,1,0
2026-04-21,P0381,1053,30,1,0
2026-04-22,P0381,1197,38,2,0
2026-04-23,P0381,1067,22,1,0
2026-04-24,P0381,1137,30,1,0
2026-04-25,P0381,1297,24,1,0
2026-04-26,P0381,1143,15,0,0
2026-04-27,P0381,1480,37,3,0
2026-04-28,P0381,1150,32,1,0
2026-03-30,P0472,84,2,0,0
2026-03-31,P0472,96,3,0,0
2026-04-01,P0472,76,2,0,0
2026-04-02,P0472,67,1,0,0
2026-04-03,P0472,72,2,0,0
2026-04-04,P0472,53,2,0,0
2026-04-05,P0472,59,2,0,0
2026-04-06,P0472,53,1,0,0
2026-04-07,P0472,89,3,0,0
2026-04-08,P0472,76,2,0,0
2026-04-09,P0472,46,1,0,0
2026-04-10,P0472,94,3,0,0
2026-04-11,P0472,68,3,0,0
2026-04-12,P0472,87,3,0,0
2026-04-13,P0472,89,2,0,0
2026-04-14,P0472,83,2,0,0
2026-04-15,P0472,64,2,0,0
2026-04-16,P0472,79,2,0,0
2026-04-17,P0472,58,2,0,0
2026-04-18,P0472,94,4,0,0
2026-04-19,P0472,76,2,0,0
2026-04-20,P0472,78,2,0,0
2026-04-21,P0472,66,2,0,0
2026-04-22,P0472,66,1,0,0
2026-04-23,P0472,76,2,0,0
2026-04-24,P0472,88,2,0,0
2026-04-25,P0472,85,2,0,0
2026-04-26,P0472,92,3,0,0
2026-04-27,P0472,84,4,0,0
2026-04-28,P0472,76,1,0,0
2026-03-30,P0362,65,0,0,0
2026-03-31,P0362,71,0,0,0
2026-04-01,P0362,90,1,0,0
2026-04-02,P0362,79,1,0,0
2026-04-03,P0362,79,1,0,0
2026-04-04,P0362,65,0,0,0
2026-04-05,P0362,67,1,0,0
2026-04-06,P0362,102,1,0,0
2026-04-07,P0362,74,1,0,0
2026-04-08,P0362,106,1,0,0
2026-04-09,P0362,83,1,0,0
2026-04-10,P0362,81,1,0,0
2026-04-11,P0362,92,1,0,0
2026-04-12,P0362,77,0,0,0
2026-04-13,P0362,80,1,0,0
2026-04-14,P0362,88,1,0,0
2026-04-15,P0362,84,1,0,0
2026-04-16,P0362,87,1,0,0
2026-04-17,P0362,68,0,0,0
2026-04-18,P0362,84,0,0,0
2026-04-19,P0362,67,1,0,0
2026-04-20,P0362,78,1,0,0
2026-04-21,P0362,83,1,0,0
2026-04-22,P0362,73,0,0,0
2026-04-23,P0362,61,0,0,0
2026-04-24,P0362,73,1,0,0
2026-04-25,P0362,71,0,0,0
2026-04-26,P0362,61,0,0,0
2026-04-27,P0362,72,1,0,0
2026-04-28,P0362,63,0,0,0
2026-03-30,P0324,472,9,0,0
2026-03-31,P0324,371,4,0,0
2026-04-01,P0324,486,5,0,0
2026-04-02,P0324,505,7,0,0
2026-04-03,P0324,485,6,0,0
2026-04-04,P0324,459,4,0,0
2026-04-05,P0324,462,5,0,0
2026-04-06,P0324,426,5,0,0
2026-04-07,P0324,398,6,0,0
2026-04-08,P0324,478,5,0,0
2026-04-09,P0324,451,5,0,0
2026-04-10,P0324,486,6,0,0
2026-04-11,P0324,537,7,0,0
2026-04-12,P0324,639,7,0,0
2026-04-13,P0324,608,10,0,0
2026-04-14,P0324,458,6,0,0
2026-04-15,P0324,638,8,0,0
2026-04-16,P0324,515,4,0,0
2026-04-17,P0324,317,3,0,0
2026-04-18,P0324,442,4,0,0
2026-04-19,P0324,460,4,0,0
2026-04-20,P0324,448,3,0,0
2026-04-21,P0324,486,4,0,0
2026-04-22,P0324,520,7,0,0
2026-04-23,P0324,353,4,0,0
2026-04-24,P0324,445,5,0,0
2026-04-25,P0324,472,6,0,0
2026-04-26,P0324,316,4,0,0
2026-04-27,P0324,433,4,0,0
2026-04-28,P0324,604,8,0,0
2026-03-30,P0431,290,3,0,0
2026-03-31,P0431,294,2,0,0
2026-04-01,P0431,366,3,0,0
2026-04-02,P0431,247,2,0,0
2026-04-03,P0431,290,3,0,0
2026-04-04,P0431,338,5,0,0
2026-04-05,P0431,245,3,0,0
2026-04-06,P0431,252,3,0,0
2026-04-07,P0431,273,3,0,0
2026-04-08,P0431,187,1,0,0
2026-04-09,P0431,220,2,0,0
2026-04-10,P0431,311,4,0,0
2026-04-11,P0431,305,3,0,0
2026-04-12,P0431,342,4,0,0
2026-04-13,P0431,257,4,0,0
2026-04-14,P0431,262,3,0,0
2026-04-15,P0431,318,4,0,0
2026-04-16,P0431,326,4,0,0
2026-04-17,P0431,258,4,0,0
2026-04-18,P0431,334,3,0,0
2026-04-19,P0431,274,3,0,0
2026-04-20,P0431,235,2,0,0
2026-04-21,P0431,279,2,0,0
2026-04-22,P0431,242,3,0,0
2026-04-23,P0431,273,4,0,0
2026-04-24,P0431,263,3,0,0
2026-04-25,P0431,239,2,0,0
2026-04-26,P0431,346,4,0,0
2026-04-27,P0431,274,2,0,0
2026-04-28,P0431,322,3,0,0
2026-03-30,P0347,792,25,2,0
2026-03-31,P0347,1001,26,1,0
2026-04-01,P0347,1085,29,1,0
2026-04-02,P0347,858,18,1,0
2026-04-03,P0347,660,14,1,0
2026-04-04,P0347,1014,22,3,0
2026-04-05,P0347,974,28,2,0
2026-04-06,P0347,864,26,1,0
2026-04-07,P0347,879,28,3,0
2026-04-08,P0347,1008,26,3,0
2026-04-09,P0347,1003,14,1,0
2026-04-10,P0347,760,23,3,0
2026-04-11,P0347,656,15,2,0
2026-04-12,P0347,825,17,2,0
2026-04-13,P0347,849,28,3,0
2026-04-14,P0347,765,24,2,0
2026-04-15,P0347,686,14,1,0
2026-04-16,P0347,782,16,1,0
2026-04-17,P0347,899,23,2,0
2026-04-18,P0347,993,27,3,0
2026-04-19,P0347,1065,22,2,0
2026-04-20,P0347,999,19,1,0
2026-04-21,P0347,1077,31,4,0
2026-04-22,P0347,961,22,3,0
2026-04-23,P0347,928,24,3,0
2026-04-24,P0347,947,27,3,0
2026-04-25,P0347,990,26,4,0
2026-04-26,P0347,853,25,3,0
2026-04-27,P0347,863,23,2,0
2026-04-28,P0347,812,23,2,0
2026-03-30,P0086,835,6,0,0
2026-03-31,P0086,973,10,1,0
2026-04-01,P0086,775,7,0,0
2026-04-02,P0086,1004,9,0,0
2026-04-03,P0086,849,5,0,0
2026-04-04,P0086,1066,11,1,0
2026-04-05,P0086,906,8,0,0
2026-04-06,P0086,743,7,0,0
2026-04-07,P0086,797,7,0,0
2026-04-08,P0086,981,7,0,0
2026-04-09,P0086,997,10,0,0
2026-04-10,P0086,793,7,0,0
2026-04-11,P0086,863,8,0,0
2026-04-12,P0086,713,9,0,0
2026-04-13,P0086,908,7,0,0
2026-04-14,P0086,722,6,0,0
2026-04-15,P0086,936,9,0,0
2026-04-16,P0086,1011,16,1,0
2026-04-17,P0086,902,6,0,0
2026-04-18,P0086,685,4,0,0
2026-04-19,P0086,849,7,0,0
2026-04-20,P0086,759,4,0,0
2026-04-21,P0086,909,9,0,0
2026-04-22,P0086,1070,7,0,0
2026-04-23,P0086,974,9,0,0
2026-04-24,P0086,847,7,0,0
2026-04-25,P0086,970,6,0,0
2026-04-26,P0086,691,3,0,0
2026-04-27,P0086,656,6,0,0
2026-04-28,P0086,821,4,0,0
2026-03-30,P0075,662,20,0,0
2026-03-31,P0075,524,12,0,0
2026-04-01,P0075,490,10,0,0
2026-04-02,P0075,584,11,0,0
2026-04-03,P0075,626,14,0,0
2026-04-04,P0075,526,9,0,0
2026-04-05,P0075,496,10,0,0
2026-04-06,P0075,723,15,0,0
2026-04-07,P0075,792,22,0,0
2026-04-08,P0075,627,14,0,0
2026-04-09,P0075,642,14,0,0
2026-04-10,P0075,446,8,0,0
2026-04-11,P0075,798,19,0,0
2026-04-12,P0075,728,22,0,0
2026-04-13,P0075,685,15,0,0
2026-04-14,P0075,567,16,0,0
2026-04-15,P0075,671,10,0,0
2026-04-16,P0075,675,13,0,0
2026-04-17,P0075,840,18,0,0
2026-04-18,P0075,562,17,0,0
2026-04-19,P0075,509,10,0,0
2026-04-20,P0075,626,6,0,0
2026-04-21,P0075,495,14,0,0
2026-04-22,P0075,567,12,0,0
2026-04-23,P0075,692,18,0,0
2026-04-24,P0075,769,19,0,0
2026-04-25,P0075,452,10,0,0
2026-04-26,P0075,641,11,0,0
2026-04-27,P0075,640,11,0,0
2026-04-28,P0075,664,11,0,0
2026-03-30,P0438,723,8,0,0
2026-03-31,P0438,569,5,0,0
2026-04-01,P0438,557,7,0,0
2026-04-02,P0438,574,7,0,0
2026-04-03,P0438,682,9,0,0
2026-04-04,P0438,758,7,0,0
2026-04-05,P0438,588,9,0,0
2026-04-06,P0438,680,8,0,0
2026-04-07,P0438,602,7,0,0
2026-04-08,P0438,753,10,0,0
2026-04-09,P0438,630,7,0,0
2026-04-10,P0438,655,9,0,0
2026-04-11,P0438,695,10,0,0
2026-04-12,P0438,662,15,0,0
2026-04-13,P0438,538,10,0,0
2026-04-14,P0438,587,8,0,0
2026-04-15,P0438,605,6,0,0
2026-04-16,P0438,663,11,0,0
2026-04-17,P0438,697,9,0,0
2026-04-18,P0438,479,7,0,0
2026-04-19,P0438,646,11,0,0
2026-04-20,P0438,721,9,0,0
2026-04-21,P0438,657,8,0,0
2026-04-22,P0438,546,8,0,0
2026-04-23,P0438,725,10,0,0
2026-04-24,P0438,471,7,0,0
2026-04-25,P0438,689,9,0,0
2026-04-26,P0438,655,8,0,0
2026-04-27,P0438,788,16,0,0
2026-04-28,P0438,486,5,0,0
2026-03-30,P0015,126,0,0,0
2026-03-31,P0015,154,1,0,0
2026-04-01,P0015,131,1,0,0
2026-04-02,P0015,151,1,0,0
2026-04-03,P0015,120,1,0,0
2026-04-04,P0015,151,1,0,0
2026-04-05,P0015,128,1,0,0
2026-04-06,P0015,125,1,0,0
2026-04-07,P0015,89,0,0,0
2026-04-08,P0015,121,1,0,0
2026-04-09,P0015,131,1,0,0
2026-04-10,P0015,126,1,0,0
2026-04-11,P0015,121,0,0,0
2026-04-12,P0015,118,0,0,0
2026-04-13,P0015,120,1,0,0
2026-04-14,P0015,144,1,0,0
2026-04-15,P0015,131,1,0,0
2026-04-16,P0015,117,1,0,0
2026-04-17,P0015,138,1,0,0
2026-04-18,P0015,133,1,0,0
2026-04-19,P0015,118,0,0,0
2026-04-20,P0015,114,1,0,0
2026-04-21,P0015,130,1,0,0
2026-04-22,P0015,138,1,0,0
2026-04-23,P0015,127,1,0,0
2026-04-24,P0015,147,1,0,0
2026-04-25,P0015,122,1,0,0
2026-04-26,P0015,108,0,0,0
2026-04-27,P0015,145,1,0,0
2026-04-28,P0015,127,1,0,0
